Source,Target,,
EndySHD96,ThaiFootballs ,,
amang_persib,VikingUinJkt ,,
BobotohCisitu,VikingUinJkt ,,
amang_persib,AzzahrahSyifa_ ,,
amang_persib,persib ,,
nandajolondo,AzzahrahSyifa_ ,,
SoccerTalkApp,ekowBoy ,,
kumparan,ekowBoy ,,
sddm8,persib ,,
gilangpermadi13,persib ,,
idyllic48bola,ThaiFootballs ,,
TukangKomporin,tribunjabar ,,
infosuporter,ThaiFootballs ,,
StevanyD,Gilang_Mahesa ,,
StevanyD,persib ,,
ObosSobur,IndosiarID ,,
ObosSobur,IndosiarSports ,,
fahmiahfasidiq,Bolalob ,,
iyan1933_,bonekcasuals ,,
iyan1933_,persib ,,
amang_persib,persib ,,
kinsodik4,ThaiFootballs ,,
amang_persib,ThaiFootballs ,,
Bayu_P20,VikingUinJkt ,,
alpan_hs,VikingUinJkt ,,
hardiansyahdid,AzzahrahSyifa_ ,,
hardiansyahdid,persib ,,
RMahmudah06,AzzahrahSyifa_ ,,
amang_persib,ekowBoy ,,
nuryadin_achmad,ekowBoy ,,
Tata24091979,persib ,,
bonekcasuals,persib ,,
Wulanimut2000,ThaiFootballs ,,
Barisan1933,tribunjabar ,,
AzzahrahSyifa_,ThaiFootballs ,,
anggripurnama,Gilang_Mahesa ,,
anggripurnama,persib ,,
jurnalfaktaid,IndosiarID ,,
jurnalfaktaid,IndosiarSports ,,
Barisan1933,Bolalob ,,
idr_wijaya,bonekcasuals ,,
idr_wijaya,persib ,,
Fik77328444,persib ,,
silviadinalrst,ThaiFootballs ,,
Budi63669295,ThaiFootballs ,,
dinaradrianaa,VikingUinJkt ,,
QAbdult,VikingUinJkt ,,
Aikko22,AzzahrahSyifa_ ,,
Tata24091979,AzzahrahSyifa_ ,,
sanekalamerah,ekowBoy ,,
Tata24091979,ekowBoy ,,
faisalachmadict,persib ,,
jak477,persib ,,
CallmeBejo,ThaiFootballs ,,
dodisupriatna33,tribunjabar ,,
Abiet3393,ThaiFootballs ,,
Asep22844013,Gilang_Mahesa ,,
Rockhansip1933,IndosiarID ,,
Abiet3393,Bolalob ,,
1w4nGrab,bonekcasuals ,,
1w4nGrab,persib ,,
varinmuchtar,persib ,,
EkiBagasPati,ThaiFootballs ,,
efendi_hanafi,ThaiFootballs ,,
VikingCicurug,VikingUinJkt ,,
Tata24091979,VikingUinJkt ,,
CallmeBejo,AzzahrahSyifa_ ,,
CallmeBejo,persib ,,
StevanyD,AzzahrahSyifa_ ,,
KardiBoy_,ekowBoy ,,
jurnalis_selow,ekowBoy ,,
Bolalob,persib ,,
kangnugo85,persib ,,
GOAL_ID,ThaiFootballs ,,
Berita8Bandung,tribunjabar ,,
Berita8Bandung,ThaiFootballs ,,
aziskepret,Gilang_Mahesa ,,
aziskepret,persib ,,
seputar_bdgraya,IndosiarID ,,
seputar_bdgraya,IndosiarSports ,,
KJWGEMBEL,Bolalob ,,
mrezaa28,bonekcasuals ,,
KJWGEMBEL,persib ,,
aguspasha2204,ThaiFootballs ,,
KJWGEMBEL,ThaiFootballs ,,
VWkarawang,VikingUinJkt ,,
twit_olahraga,VikingUinJkt ,,
Muhamma64087333,AzzahrahSyifa_ ,,
ramaalfarizii,AzzahrahSyifa_ ,,
bolacomID,ekowBoy ,,
MarcopoloDadjal,ekowBoy ,,
kamibiru,persib ,,
Bayu_P20,persib ,,
AsgarSiti,ThaiFootballs ,,
AmidHeryana,tribunjabar ,,
IRizaliqbal,ThaiFootballs ,,
pangestuandriya,Gilang_Mahesa ,,
pangestuandriya,persib ,,
adymmaz,IndosiarID ,,
adymmaz,IndosiarSports ,,
Gilang_Mahesa,Bolalob ,,
GalihGieloof,bonekcasuals ,,
GalihGieloof,persib ,,
Alfiannv,persib ,,
Arief_RMCF,ThaiFootballs ,,
bayuprayogaa,ThaiFootballs ,,
VikingCicurug,VikingUinJkt ,,
argiiee,VikingUinJkt ,,
Bayu_P20,AzzahrahSyifa_ ,,
ariez_1927,AzzahrahSyifa_ ,,
TeEn_Irfan,ekowBoy ,,
Thedhan11,ekowBoy ,,
diqnotdick,persib ,,
Refnal_Riant0,persib ,,
MufqiSimpati,ThaiFootballs ,,
alexvanhalenn23,tribunjabar ,,
TimoWijaya,ThaiFootballs ,,
RMaulana48,Gilang_Mahesa ,,
GarisKenyaL69,IndosiarID ,,
StevanyD,Bolalob ,,
MRitaJKT,bonekcasuals ,,
MRitaJKT,persib ,,
ucinx_cep,persib ,,
MufqiSimpati,ThaiFootballs ,,
IdChiko,ThaiFootballs ,,
LilyWHandayani,VikingUinJkt ,,
FauziRefki,VikingUinJkt ,,
GarisKenyaL69,AzzahrahSyifa_ ,,
Sandy_SY56,AzzahrahSyifa_ ,,
MaungFootball,ekowBoy ,,
Agungrizkys04,ekowBoy ,,
feryholigan,persib ,,
thebombsbogor,persib ,,
Bolaindocom,ThaiFootballs ,,
pialaprsiden,tribunjabar ,,
Bola_Kukar,ThaiFootballs ,,
i_uppum,Gilang_Mahesa ,,
i_uppum,persib ,,
Soesmerdeka,IndosiarID ,,
Soesmerdeka,IndosiarSports ,,
Aassaddd,Bolalob ,,
nuruluyf93,bonekcasuals ,,
_radityan,persib ,,
gumay97,ThaiFootballs ,,
rendyago,ThaiFootballs ,,
Bolalob,VikingUinJkt ,,
KurniawanRicho,VikingUinJkt ,,
addiiID,AzzahrahSyifa_ ,,
addiiID,persib ,,
Viking3399,AzzahrahSyifa_ ,,
Ahmadadull182,ekowBoy ,,
anggitarmanu,ekowBoy ,,
andiazpi,persib ,,
karitulang_,persib ,,
Viking3399,ThaiFootballs ,,
NovaBagja,tribunjabar ,,
andiazpi,ThaiFootballs ,,
Zonabiru_scity,Gilang_Mahesa ,,
Zonabiru_scity,persib ,,
KeunMarudany,IndosiarID ,,
KeunMarudany,IndosiarSports ,,
AjusNco,Bolalob ,,
Standin_dream,bonekcasuals ,,
Standin_dream,persib ,,
Wonk_1012,persib ,,
EfrianRifki,ThaiFootballs ,,
TiPersib,ThaiFootballs ,,
ajiwardana_,VikingUinJkt ,,
Thedhan11,VikingUinJkt ,,
mustajib9,AzzahrahSyifa_ ,,
iqbalsnake22,AzzahrahSyifa_ ,,
KamalJr10443823,ekowBoy ,,
hilmanrmdhn,ekowBoy ,,
ikaanisaaa,persib ,,
Abdiohenx,persib ,,
thebombsbogor,ThaiFootballs ,,
Srihry,tribunjabar ,,
Viking3399,ThaiFootballs ,,
infosuporter,Gilang_Mahesa ,,
infosuporter,persib ,,
YogaOgem,IndosiarID ,,
YogaOgem,IndosiarSports ,,
syaepulbhr,Bolalob ,,
tribunkaltim,bonekcasuals ,,
tribunkaltim,persib ,,
indraqborne,persib ,,
fikryhaws,ThaiFootballs ,,
LatunruJie,ThaiFootballs ,,
ajis__,VikingUinJkt ,,
ErvandaJr,VikingUinJkt ,,
Ahmadolshop1933,AzzahrahSyifa_ ,,
FinallyYogi,AzzahrahSyifa_ ,,
rafniasriani,ekowBoy ,,
imtress,ekowBoy ,,
nurizwan_reza,persib ,,
TukangKomporin,persib ,,
nurya_saiman,ThaiFootballs ,,
thebombsbogor,tribunjabar ,,
MuhammadPamun12,ThaiFootballs ,,
satriarizkip,Gilang_Mahesa ,,
satriarizkip,persib ,,
kazekage_sama,IndosiarID ,,
kazekage_sama,IndosiarSports ,,
Zonabiru_scity,Bolalob ,,
andy_vicious,bonekcasuals ,,
andy_vicious,persib ,,
Jennife27305978,persib ,,
Naimvcu,ThaiFootballs ,,
VeFelcia,ThaiFootballs ,,
VeFelcia,VikingUinJkt ,,
CilebutDani,VikingUinJkt ,,
VeFelcia,AzzahrahSyifa_ ,,
VeFelcia,persib ,,
VeFelcia,AzzahrahSyifa_ ,,
VinoTamba,ekowBoy ,,
Ajang_Milanisti,ekowBoy ,,
sigitprabowo14,persib ,,
VeFelcia,persib ,,
nuruluyf93,ThaiFootballs ,,
BolaBanget,tribunjabar ,,
Juku_eja1915,ThaiFootballs ,,
nuruluyf93,Gilang_Mahesa ,,
anggiiiokta,IndosiarID ,,
anggiiiokta,IndosiarSports ,,
nuruluyf93,Bolalob ,,
fikihfaozi,bonekcasuals ,,
fikihfaozi,persib ,,
BobiLudimara,persib ,,
indosportdotcom,ThaiFootballs ,,
Chimaa29,ThaiFootballs ,,
enaknyasiapanih,VikingUinJkt ,,
a_peye23,VikingUinJkt ,,
adymaul,AzzahrahSyifa_ ,,
adymaul,persib ,,
infoMKS_,AzzahrahSyifa_ ,,
onbobotohonline,ekowBoy ,,
irfan_Dzago46,ekowBoy ,,
onbobotohonline,persib ,,
V_otista33,persib ,,
juniarrijatama,ThaiFootballs ,,
SINDOnews,tribunjabar ,,
IQ_Bet,ThaiFootballs ,,
jabot_jv,Gilang_Mahesa ,,
jabot_jv,persib ,,
einara_nayra,IndosiarID ,,
einara_nayra,IndosiarSports ,,
bandungaktual,Bolalob ,,
infobobotoh,bonekcasuals ,,
infobobotoh,persib ,,
Rizaldi_1933,persib ,,
Muhammadhasbi86,ThaiFootballs ,,
Naimvcu,ThaiFootballs ,,
DeraFajar182,VikingUinJkt ,,
yuniarayun,VikingUinJkt ,,
AsepSudita,AzzahrahSyifa_ ,,
AsepSudita,persib ,,
Naimvcu,AzzahrahSyifa_ ,,
Denny_7802,ekowBoy ,,
fajarsidiqg,ekowBoy ,,
budhie_23,persib ,,
Naimvcu,persib ,,
_realtroy,ThaiFootballs ,,
Naimvcu,tribunjabar ,,
ntar,ThaiFootballs ,,
alyngcavalera,Gilang_Mahesa ,,
alyngcavalera,persib ,,
Naimvcu,IndosiarID ,,
Naimvcu,IndosiarSports ,,
Fbr_Nug,Bolalob ,,
agussborr,bonekcasuals ,,
agussborr,persib ,,
caphodel86,persib ,,
Naimvcu,ThaiFootballs ,,
Rossmindar,ThaiFootballs ,,
egawikaya_,VikingUinJkt ,,
Asep_urg,VikingUinJkt ,,
ShufiUr,AzzahrahSyifa_ ,,
ShufiUr,persib ,,
tisanshine,AzzahrahSyifa_ ,,
Naimvcu,ekowBoy ,,
yzf_auliaaaa,ekowBoy ,,
krishnared,persib ,,
a_peye23,persib ,,
wawaw_cavalera,ThaiFootballs ,,
a_peye23,tribunjabar ,,
BeweckPratama,ThaiFootballs ,,
febryahmdrmdn,Gilang_Mahesa ,,
febryahmdrmdn,persib ,,
alam_akid,IndosiarID ,,
alam_akid,IndosiarSports ,,
ariez_1927,Bolalob ,,
WismaBeritaCom,bonekcasuals ,,
WismaBeritaCom,persib ,,
ReckyDR,persib ,,
Aditya_Bdg_,ThaiFootballs ,,
fajarrambu,ThaiFootballs ,,
praseptaa,VikingUinJkt ,,
BeweckPratama,VikingUinJkt ,,
Jimmy0960212758,AzzahrahSyifa_ ,,
panduwachyu_,AzzahrahSyifa_ ,,
DeraFajar182,ekowBoy ,,
rikiqiwil,ekowBoy ,,
a_peye23,persib ,,
Adityaaprlnd,persib ,,
Persib_Addict,ThaiFootballs ,,
fahrizal_apr,tribunjabar ,,
dedenotto,ThaiFootballs ,,
BolaBanget,Gilang_Mahesa ,,
BolaBanget,persib ,,
krist_wulan,IndosiarID ,,
krist_wulan,IndosiarSports ,,
ardians247,Bolalob ,,
Fik77328444,bonekcasuals ,,
maungcyber,persib ,,
Fik77328444,ThaiFootballs ,,
persibbdg_info,ThaiFootballs ,,
Fik77328444,VikingUinJkt ,,
andri_ndrew,VikingUinJkt ,,
RIZKYNURADAM1,AzzahrahSyifa_ ,,
dvcxxschariev,AzzahrahSyifa_ ,,
bolatimesdotcom,ekowBoy ,,
Harian_Papua,ekowBoy ,,
BinekasJr,persib ,,
ridwanshldn,persib ,,
bonekcasuals,ThaiFootballs ,,
Risky_R1933,tribunjabar ,,
MaungFootball,ThaiFootballs ,,
Abiet3393,Gilang_Mahesa ,,
GrizelaWinda,IndosiarID ,,
GrizelaWinda,IndosiarSports ,,
dedenotto,Bolalob ,,
indra_maradena,bonekcasuals ,,
indra_maradena,persib ,,
suryangers,persib ,,
praseptaa,ThaiFootballs ,,
FootRight__,ThaiFootballs ,,
JOKT_,VikingUinJkt ,,
mairinandarson,VikingUinJkt ,,
her_ii,AzzahrahSyifa_ ,,
her_ii,persib ,,
lagaarifpratama,AzzahrahSyifa_ ,,
al_haleem,ekowBoy ,,
djakadwijaya17,ekowBoy ,,
US12_,persib ,,
mairinandarson,persib ,,
Asep_urg,ThaiFootballs ,,
firdanff,tribunjabar ,,
Noki_ms,ThaiFootballs ,,
doen_hazard,Gilang_Mahesa ,,
doen_hazard,persib ,,
doen_hazard,IndosiarID ,,
doen_hazard,IndosiarSports ,,
Andristione,Bolalob ,,
hiariazhar,bonekcasuals ,,
hiariazhar,persib ,,
destriapnr,persib ,,
TopickHidayat9,ThaiFootballs ,,
GilangGumilarDS,ThaiFootballs ,,
begenng,VikingUinJkt ,,
SahliWahyudin14,VikingUinJkt ,,
tribuntimur,AzzahrahSyifa_ ,,
tribuntimur,persib ,,
noviandy14,AzzahrahSyifa_ ,,
kiasleo,ekowBoy ,,
beritabandung1,ekowBoy ,,
heobaay,persib ,,
indrategil29,persib ,,
Ferly_Maulana,ThaiFootballs ,,
dvcxxschariev,tribunjabar ,,
dedenotto,ThaiFootballs ,,
ajinugraha1909,Gilang_Mahesa ,,
akun_endog,IndosiarID ,,
akun_endog,IndosiarSports ,,
ayep_we,Bolalob ,,
othot_1933,bonekcasuals ,,
Za13nal,persib ,,
1933PRSB,ThaiFootballs ,,
ZHEN_01,ThaiFootballs ,,
1933PRSB,VikingUinJkt ,,
Rendy_Butak,VikingUinJkt ,,
Aankurn64965138,AzzahrahSyifa_ ,,
Otongs,AzzahrahSyifa_ ,,
skrrrahh,ekowBoy ,,
Jay03647671,ekowBoy ,,
ridwaaann_,persib ,,
ang_danim,persib ,,
SamsulH347,ThaiFootballs ,,
kecoabusuk666,tribunjabar ,,
iqballuphmira,ThaiFootballs ,,
i_fadh,Gilang_Mahesa ,,
i_fadh,persib ,,
1933PRSB,IndosiarID ,,
1933PRSB,IndosiarSports ,,
tony_alwie,Bolalob ,,
m_iksan51,bonekcasuals ,,
IrvanP_,persib ,,
AdenRuhi,ThaiFootballs ,,
iqbaltrisanda,ThaiFootballs ,,
33_abah,VikingUinJkt ,,
r_sekeda,VikingUinJkt ,,
AwaludinBujang,AzzahrahSyifa_ ,,
AwaludinBujang,persib ,,
sultansabri,AzzahrahSyifa_ ,,
IrvanP_,ekowBoy ,,
AwolJeh,ekowBoy ,,
NewsToday_ID,persib ,,
WisnuSubarkah4,persib ,,
IrvanP_,ThaiFootballs ,,
anisapuryp,tribunjabar ,,
xprdtyx,ThaiFootballs ,,
ahmadmustofa87,Gilang_Mahesa ,,
kodde33,IndosiarID ,,
Wi_m23,Bolalob ,,
dapokankuda,bonekcasuals ,,
dapokankuda,persib ,,
rendydolz,persib ,,
diohanin,ThaiFootballs ,,
KangHavid,ThaiFootballs ,,
dedenotto,VikingUinJkt ,,
rizkyfaidan,VikingUinJkt ,,
Irnawan_1987,AzzahrahSyifa_ ,,
rifkyfuselier,AzzahrahSyifa_ ,,
abdulmujieb,ekowBoy ,,
Rickythekichlik,ekowBoy ,,
inilahdotcom,persib ,,
mundus_ardi,persib ,,
Muh_Indraaaaa,ThaiFootballs ,,
KangHavid,tribunjabar ,,
MNCkoranSINDO,ThaiFootballs ,,
AsepNandangGs,Gilang_Mahesa ,,
AsepNandangGs,persib ,,
cidaunogemaung,IndosiarID ,,
cidaunogemaung,IndosiarSports ,,
Bobotoh_Cikutra,Bolalob ,,
ronichi_19,bonekcasuals ,,
UelahReza,persib ,,
destriapnr,ThaiFootballs ,,
woelannnn,ThaiFootballs ,,
Ekosaputra1Doni,VikingUinJkt ,,
Ahadiprakasa_,VikingUinJkt ,,
dedenotto,AzzahrahSyifa_ ,,
dedenotto,persib ,,
dianrstdi,AzzahrahSyifa_ ,,
destriapnr,ekowBoy ,,
RossoneriBram,ekowBoy ,,
Ammarzakf,persib ,,
AwolJeh,persib ,,
ahmadiedja,ThaiFootballs ,,
rifqirizalni,tribunjabar ,,
tribunjabar,ThaiFootballs ,,
DerLan_15,Gilang_Mahesa ,,
sepatu_Sobekk,IndosiarID ,,
sepatu_Sobekk,IndosiarSports ,,
megafakhrim,Bolalob ,,
iponksatria,bonekcasuals ,,
iponksatria,persib ,,
andreandrian8,persib ,,
haiflie,ThaiFootballs ,,
TukangNyiyir,ThaiFootballs ,,
info_umbulharjo,VikingUinJkt ,,
info_tegalrejo,VikingUinJkt ,,
bolacomID,AzzahrahSyifa_ ,,
bolacomID,persib ,,
RobiGusman2,AzzahrahSyifa_ ,,
DanielNuril,ekowBoy ,,
andreandrian8,ekowBoy ,,
Aindriawandotco,persib ,,
deriripandi11,persib ,,
ArdelinoArip,ThaiFootballs ,,
KangHavid,tribunjabar ,,
sikikorma,ThaiFootballs ,,
Damar98cempor,Gilang_Mahesa ,,
Damar98cempor,persib ,,
maulidanaswani,IndosiarID ,,
maulidanaswani,IndosiarSports ,,
phanzhoel,Bolalob ,,
zamilzn1,bonekcasuals ,,
iradiobdg,persib ,,
GalihAnwarAS,ThaiFootballs ,,
rifqirizalni,ThaiFootballs ,,
AsepSudita,VikingUinJkt ,,
riorpangestu,VikingUinJkt ,,
IniFiann,AzzahrahSyifa_ ,,
IniFiann,persib ,,
ApriBodoo,AzzahrahSyifa_ ,,
Ahadiprakasa_,ekowBoy ,,
tribunjabar,ekowBoy ,,
azharihabib_a,persib ,,
itsme_citRa,persib ,,
rianpurnama095,ThaiFootballs ,,
ginanjar28_,tribunjabar ,,
SidhartaHarris,ThaiFootballs ,,
zamilzn1,Gilang_Mahesa ,,
ucinx_cep,IndosiarID ,,
ucinx_cep,IndosiarSports ,,
zamilzn1,Bolalob ,,
sutoyomi,bonekcasuals ,,
sutoyomi,persib ,,
RifkiAgustiawa1,persib ,,
jono33__,ThaiFootballs ,,
bmmbmm,ThaiFootballs ,,
PanggilRach,VikingUinJkt ,,
RifkiAgustiawa1,VikingUinJkt ,,
mposport,AzzahrahSyifa_ ,,
mposport,persib ,,
dedenotto,AzzahrahSyifa_ ,,
SeptioHrd,ekowBoy ,,
rianpurnama095,ekowBoy ,,
MayaAnggita14,persib ,,
latjumalatpilat,persib ,,
NikiGalihP_,ThaiFootballs ,,
MaungFootball,tribunjabar ,,
rianpurnama095,ThaiFootballs ,,
thaufik16,Gilang_Mahesa ,,
thaufik16,IndosiarID ,,
DevitaNSPoetri_,Bolalob ,,
MR_Rodiiii,bonekcasuals ,,
MR_Rodiiii,persib ,,
LihinWei,persib ,,
DevitaNSPoetri_,ThaiFootballs ,,
DevitaNSPoetri_,ThaiFootballs ,,
DevitaNSPoetri_,VikingUinJkt ,,
dedenotto,VikingUinJkt ,,
DevitaNSPoetri_,AzzahrahSyifa_ ,,
DevitaNSPoetri_,persib ,,
deanbaper,AzzahrahSyifa_ ,,
DevitaNSPoetri_,ekowBoy ,,
dedenotto,ekowBoy ,,
rianpurnama095,persib ,,
MayaAnggita14,persib ,,
MayaAnggita14,ThaiFootballs ,,
andkadty,tribunjabar ,,
Rama_Les,ThaiFootballs ,,
DevitaNSPoetri_,Gilang_Mahesa ,,
DevitaNSPoetri_,persib ,,
Asepyaufik_29,IndosiarID ,,
DevitaNSPoetri_,Bolalob ,,
duafutra25,bonekcasuals ,,
DevitaNSPoetri_,persib ,,
DevitaNSPoetri_,ThaiFootballs ,,
DevitaNSPoetri_,ThaiFootballs ,,
SINDOnews,VikingUinJkt ,,
22rahmatf,VikingUinJkt ,,
DevitaNSPoetri_,AzzahrahSyifa_ ,,
DevitaNSPoetri_,persib ,,
ilyas_rw,AzzahrahSyifa_ ,,
nyankobugsyyy,ekowBoy ,,
DevitaNSPoetri_,ekowBoy ,,
D_tyow,persib ,,
DevitaNSPoetri_,persib ,,
DevitaNSPoetri_,ThaiFootballs ,,
dsudr,tribunjabar ,,
VIVAcoid,ThaiFootballs ,,
AMuzadi,Gilang_Mahesa ,,
AMuzadi,persib ,,
maungleungsir33,IndosiarID ,,
DevitaNSPoetri_,Bolalob ,,
dedenotto,bonekcasuals ,,
dedenotto,persib ,,
edoeycs,persib ,,
arbywidiyanto1,ThaiFootballs ,,
AndiTirta33,ThaiFootballs ,,
DevitaNSPoetri_,VikingUinJkt ,,
DevitaNSPoetri_,VikingUinJkt ,,
MayaAnggita14,AzzahrahSyifa_ ,,
siiyappp,AzzahrahSyifa_ ,,
DevitaNSPoetri_,ekowBoy ,,
DevitaNSPoetri_,ekowBoy ,,
RyanHid89058624,persib ,,
DevitaNSPoetri_,persib ,,
RadietzSadega,ThaiFootballs ,,
DevitaNSPoetri_,tribunjabar ,,
VIVAbola,ThaiFootballs ,,
DevitaNSPoetri_,Gilang_Mahesa ,,
DevitaNSPoetri_,persib ,,
DevitaNSPoetri_,IndosiarID ,,
DevitaNSPoetri_,IndosiarSports ,,
DevitaNSPoetri_,Bolalob ,,
DevitaNSPoetri_,bonekcasuals ,,
DevitaNSPoetri_,persib ,,
F__Hasan,persib ,,
Ahmadolshop1933,ThaiFootballs ,,
DevitaNSPoetri_,ThaiFootballs ,,
DevitaNSPoetri_,VikingUinJkt ,,
BayuAprilida15,VikingUinJkt ,,
DevitaNSPoetri_,AzzahrahSyifa_ ,,
DevitaNSPoetri_,persib ,,
DevitaNSPoetri_,AzzahrahSyifa_ ,,
iponksatria,ekowBoy ,,
BayuAprilida15,ekowBoy ,,
DevitaNSPoetri_,persib ,,
AndriyHilman,persib ,,
CBBBL,ThaiFootballs ,,
TiPersib,tribunjabar ,,
FANASMASH,ThaiFootballs ,,
infogoalkeeper5,Gilang_Mahesa ,,
arifinonboard,IndosiarID ,,
arifinonboard,IndosiarSports ,,
ginanjar28_,Bolalob ,,
MayaAnggita14,bonekcasuals ,,
pipincolony,persib ,,
mulyanajirul,ThaiFootballs ,,
Jazuli_AM,ThaiFootballs ,,
infogoalkeeper5,VikingUinJkt ,,
maungleungsir33,VikingUinJkt ,,
poetsoen_tea,AzzahrahSyifa_ ,,
poetsoen_tea,persib ,,
dedenotto,AzzahrahSyifa_ ,,
JasaFotoLiburan,ekowBoy ,,
Ahmadolshop1933,ekowBoy ,,
akun_endog,persib ,,
zakimerdeka,persib ,,
np_aditya,ThaiFootballs ,,
Arianpermana3,tribunjabar ,,
NovrizalFauzi,ThaiFootballs ,,
np_aditya,Gilang_Mahesa ,,
np_aditya,persib ,,
febb98_,IndosiarID ,,
febb98_,IndosiarSports ,,
Ohameyye3,Bolalob ,,
Ahmadolshop1933,bonekcasuals ,,
s03bro,persib ,,
Beulell1,ThaiFootballs ,,
np_aditya,ThaiFootballs ,,
Arynugraha__,VikingUinJkt ,,
np_aditya,VikingUinJkt ,,
AhmadSahid48,AzzahrahSyifa_ ,,
akun_endog,AzzahrahSyifa_ ,,
Ahmadolshop1933,ekowBoy ,,
tribuntimur,ekowBoy ,,
DevitaNSPoetri_,persib ,,
Favian_RF,persib ,,
thereal_iwe,ThaiFootballs ,,
BayuAprilida15,tribunjabar ,,
Kania_Sari27,ThaiFootballs ,,
madzbintang_182,Gilang_Mahesa ,,
Barisan1933,IndosiarID ,,
kabarfaktual999,Bolalob ,,
w_abdharis,bonekcasuals ,,
w_abdharis,persib ,,
Damar98cempor,persib ,,
AdiBayou11,ThaiFootballs ,,
doyanmusik,ThaiFootballs ,,
Nandang_RM,VikingUinJkt ,,
_cibomnord_,VikingUinJkt ,,
Rullyazlam20,AzzahrahSyifa_ ,,
Ebhoy11,AzzahrahSyifa_ ,,
BayuAprilida15,ekowBoy ,,
_McHamzah,ekowBoy ,,
rzless,persib ,,
Rafaelputra2015,persib ,,
Rafaelputra2015,ThaiFootballs ,,
gamalputumangg2,tribunjabar ,,
TribunWow,ThaiFootballs ,,
opicxyz,Gilang_Mahesa ,,
opicxyz,persib ,,
mbnichsan9,IndosiarID ,,
juliogea7,Bolalob ,,
mpunghandanovic,bonekcasuals ,,
mpunghandanovic,persib ,,
vikingcimahifc,persib ,,
walizagat1,ThaiFootballs ,,
zonabogorupdate,ThaiFootballs ,,
ario33clothing,VikingUinJkt ,,
firhanwicaksana,VikingUinJkt ,,
_cibomnord_,AzzahrahSyifa_ ,,
_cibomnord_,persib ,,
kartawiharja,AzzahrahSyifa_ ,,
Dhyz10,ekowBoy ,,
GHerdianhidayat,ekowBoy ,,
adi_yuwana,persib ,,
ccusnadi78,persib ,,
jhandre4n,ThaiFootballs ,,
HernandezTiz,tribunjabar ,,
chonburi_fc,ThaiFootballs ,,
Fahrulf33,Gilang_Mahesa ,,
andy_vicious,IndosiarID ,,
andy_vicious,IndosiarSports ,,
Indra_VCT,Bolalob ,,
akun_endog,bonekcasuals ,,
akun_endog,persib ,,
SbktiAdiwikarta,persib ,,
andhy_andi,ThaiFootballs ,,
denisasa_,ThaiFootballs ,,
3___Roet,VikingUinJkt ,,
juna_jundi,VikingUinJkt ,,
ernawlstr,AzzahrahSyifa_ ,,
ernawlstr,persib ,,
Auus17,AzzahrahSyifa_ ,,
Sahlanlistanto1,ekowBoy ,,
abumdrdsta1,ekowBoy ,,
viking_manpacet,persib ,,
Bodorkeun,persib ,,
AdamMahendraLFC,ThaiFootballs ,,
azzam48web,tribunjabar ,,
Emon53400053,ThaiFootballs ,,
FikFirdaus9,Gilang_Mahesa ,,
Indra_VCT,IndosiarID ,,
Indra_VCT,IndosiarSports ,,
Tanddo_,Bolalob ,,
VitaLearns,bonekcasuals ,,
VitaLearns,persib ,,
Zx08Akmal,persib ,,
ladies_Wani,ThaiFootballs ,,
zahwanfz,ThaiFootballs ,,
dinayu12,VikingUinJkt ,,
MaungFootball,VikingUinJkt ,,
Nira_azwa,AzzahrahSyifa_ ,,
Nira_azwa,persib ,,
zahwanfz,AzzahrahSyifa_ ,,
Olala40790276,ekowBoy ,,
bolacomID,ekowBoy ,,
herry_van33,persib ,,
kreish_mzl,persib ,,
_arghita,ThaiFootballs ,,
wipraghora,tribunjabar ,,
denis_setiaji,ThaiFootballs ,,
playeur_atah,Gilang_Mahesa ,,
playeur_atah,persib ,,
awawwwzz,IndosiarID ,,
awawwwzz,IndosiarSports ,,
SimaSiliwangi33,Bolalob ,,
gilang_ool,bonekcasuals ,,
gilang_ool,persib ,,
erisembe,persib ,,
ardyaanto,ThaiFootballs ,,
yogikusuma1933,ThaiFootballs ,,
SamsulH347,VikingUinJkt ,,
Cimahifootball,VikingUinJkt ,,
ilhamturen,AzzahrahSyifa_ ,,
ilhamturen,persib ,,
rofii53142016,AzzahrahSyifa_ ,,
Indra_rezpect44,ekowBoy ,,
DendiSuryadi11,ekowBoy ,,
BayuAprilida15,persib ,,
cocotefreestyle,persib ,,
Tam_Finally,ThaiFootballs ,,
AtmokoWa,tribunjabar ,,
Viking_cpd,ThaiFootballs ,,
_Hollandflorist,Gilang_Mahesa ,,
_Hollandflorist,persib ,,
EdanBolaRCBFM,IndosiarID ,,
EdanBolaRCBFM,IndosiarSports ,,
_Hollandflorist,Bolalob ,,
BayuAprilida15,bonekcasuals ,,
Iws36,persib ,,
Erpan_id,ThaiFootballs ,,
Paul33Addict,ThaiFootballs ,,
Paul33Addict,VikingUinJkt ,,
indraqborne,VikingUinJkt ,,
Elisnina3,AzzahrahSyifa_ ,,
FauziRefki,AzzahrahSyifa_ ,,
doelMisdi,ekowBoy ,,
magabenz33,ekowBoy ,,
SamsulH347,persib ,,
yogikusuma1933,persib ,,
engkusk65309072,ThaiFootballs ,,
BousAgung,tribunjabar ,,
BJBB1933,ThaiFootballs ,,
GianVialli,Gilang_Mahesa ,,
GianVialli,persib ,,
yogikusuma1933,IndosiarID ,,
yogikusuma1933,IndosiarSports ,,
zalcahyor,Bolalob ,,
kikiabdulaziz,bonekcasuals ,,
kikiabdulaziz,persib ,,
NitJeffrey,persib ,,
arisenacakra881,ThaiFootballs ,,
alvinpriyn,ThaiFootballs ,,
jak477,VikingUinJkt ,,
Ed_Tejasukmana,VikingUinJkt ,,
yogaadiee_,AzzahrahSyifa_ ,,
yogaadiee_,persib ,,
ariefarid,AzzahrahSyifa_ ,,
farizku_fariz,ekowBoy ,,
skrrrahh,ekowBoy ,,
WisnuSubarkah4,persib ,,
jak477,persib ,,
Aassaddd,ThaiFootballs ,,
Karuhun2395354,tribunjabar ,,
wellykeling3,ThaiFootballs ,,
latjumalatpilat,Gilang_Mahesa ,,
latjumalatpilat,persib ,,
JuaraMaung,IndosiarID ,,
JuaraMaung,IndosiarSports ,,
AcenkkFaper,Bolalob ,,
yogikusuma1933,bonekcasuals ,,
yogikusuma1933,persib ,,
HernadiDian,persib ,,
abroy_kurniawan,ThaiFootballs ,,
Rie_arisman_,ThaiFootballs ,,
fujaayFuji,VikingUinJkt ,,
RakaFMBandung,VikingUinJkt ,,
jak477,AzzahrahSyifa_ ,,
jak477,persib ,,
Niink_,AzzahrahSyifa_ ,,
bonaagultom,ekowBoy ,,
AlbertWDNamara,ekowBoy ,,
aNandarr58,persib ,,
tobeandri,persib ,,
MohFirdausA,ThaiFootballs ,,
lramadhan_,tribunjabar ,,
destriapnr,ThaiFootballs ,,
EkaKhoiriyahAf1,Gilang_Mahesa ,,
EkaKhoiriyahAf1,persib ,,
aditya_agaasa,IndosiarID ,,
aditya_agaasa,IndosiarSports ,,
AhmadRu02715455,Bolalob ,,
juna_jundi,bonekcasuals ,,
juna_jundi,persib ,,
akmal_ilham,persib ,,
ariskaandreani,ThaiFootballs ,,
persi85alawasna,ThaiFootballs ,,
zazin99,VikingUinJkt ,,
zazin99,VikingUinJkt ,,
AliYRamdhani,AzzahrahSyifa_ ,,
AliYRamdhani,persib ,,
Loyalapprl,AzzahrahSyifa_ ,,
TiPersib,ekowBoy ,,
Riankumis,ekowBoy ,,
GianVialli,persib ,,
septianmiqbal1,persib ,,
GianVialli,ThaiFootballs ,,
MaungFootball,tribunjabar ,,
rahmanuri_s,ThaiFootballs ,,
EkaKhoiriyahAf1,Gilang_Mahesa ,,
EkaKhoiriyahAf1,persib ,,
JuaraMaung,IndosiarID ,,
JuaraMaung,IndosiarSports ,,
ariskaandreani,Bolalob ,,
destriapnr,bonekcasuals ,,
destriapnr,persib ,,
mam_fuz,persib ,,
MuhamadAri1933,ThaiFootballs ,,
RakaFMBandung,ThaiFootballs ,,
aldibrama,VikingUinJkt ,,
kurakuraninjaid,VikingUinJkt ,,
infobola777,AzzahrahSyifa_ ,,
infobola777,persib ,,
kurakuraninjaid,AzzahrahSyifa_ ,,
RakaFMBandung,ekowBoy ,,
balax33,ekowBoy ,,
ibnusetyawan08,persib ,,
Rullyazlam20,persib ,,
RMahmudah06,ThaiFootballs ,,
anyaishh,tribunjabar ,,
sonorasurabaya,ThaiFootballs ,,
Dodot99117841,Gilang_Mahesa ,,
Dodot99117841,persib ,,
ikanggg,IndosiarID ,,
ikanggg,IndosiarSports ,,
iman_prass,Bolalob ,,
Kolovaking33_,bonekcasuals ,,
Kolovaking33_,persib ,,
Harryyy_28,persib ,,
balax33,ThaiFootballs ,,
destriapnr,ThaiFootballs ,,
Sujang72096978,VikingUinJkt ,,
arjunfirdaus_,VikingUinJkt ,,
ceceplaksana,AzzahrahSyifa_ ,,
ceceplaksana,persib ,,
JuaraMaung,AzzahrahSyifa_ ,,
Lutfilupek_,ekowBoy ,,
AlbertWDNamara,ekowBoy ,,
Ukon_Nugraha,persib ,,
MHadiyanR,persib ,,
Anzharpr,ThaiFootballs ,,
Hanif_S93,tribunjabar ,,
Dodot99117841,ThaiFootballs ,,
feradikaasman,Gilang_Mahesa ,,
feradikaasman,persib ,,
Hanif_S93,IndosiarID ,,
Hanif_S93,IndosiarSports ,,
indradanmarboro,Bolalob ,,
willyangamayana,bonekcasuals ,,
willyangamayana,persib ,,
febriandisurya,persib ,,
Uswah2012,ThaiFootballs ,,
EngkusIskandar,ThaiFootballs ,,
grinsharkgrin,VikingUinJkt ,,
YayanSo94162730,VikingUinJkt ,,
KikiRiszki2,AzzahrahSyifa_ ,,
KikiRiszki2,persib ,,
K_conk_ARJ,AzzahrahSyifa_ ,,
tikusgod43,ekowBoy ,,
rayhantaswin,ekowBoy ,,
RahmawatiTahira,persib ,,
Indyazzinedine,persib ,,
firmankuda,ThaiFootballs ,,
arifinonboard,tribunjabar ,,
maungcyber,ThaiFootballs ,,
LucazFranck,Gilang_Mahesa ,,
LucazFranck,persib ,,
Hanif_S93,IndosiarID ,,
Hanif_S93,IndosiarSports ,,
wasitgoblog12,Bolalob ,,
elansuh34270070,bonekcasuals ,,
elansuh34270070,persib ,,
insunpredator,persib ,,
Andristione,ThaiFootballs ,,
0292crew,ThaiFootballs ,,
33_gaganalgarni,VikingUinJkt ,,
AliflazuardhiA,VikingUinJkt ,,
0292crew,AzzahrahSyifa_ ,,
0292crew,persib ,,
r10_dm,AzzahrahSyifa_ ,,
_sandysyarif,ekowBoy ,,
ali_dakir30,ekowBoy ,,
Zonabiru_scity,persib ,,
Ukon_Nugraha,persib ,,
alfian4774,ThaiFootballs ,,
alfian4774,tribunjabar ,,
Ukon_Nugraha,ThaiFootballs ,,
yuniarayun,Gilang_Mahesa ,,
yuniarayun,persib ,,
Chandra_Febryan,IndosiarID ,,
Chandra_Febryan,IndosiarSports ,,
willyangamayana,Bolalob ,,
ahmaddeden6561,bonekcasuals ,,
ahmaddeden6561,persib ,,
mochamadramdan_,persib ,,
Lip6Sport,ThaiFootballs ,,
Ujangrasamelon,ThaiFootballs ,,
yayahh22,VikingUinJkt ,,
novia_nurhayati,VikingUinJkt ,,
mulyadi2406,AzzahrahSyifa_ ,,
mulyadi2406,persib ,,
BBTHLayarKaca,AzzahrahSyifa_ ,,
novia_nurhayati,ekowBoy ,,
Ukon_Nugraha,ekowBoy ,,
zalcahyor,persib ,,
zalcahyor,persib ,,
wachyumkiji,ThaiFootballs ,,
Ruslana95444404,tribunjabar ,,
nugrahaadii3,ThaiFootballs ,,
niemaunggeuliz,Gilang_Mahesa ,,
niemaunggeuliz,persib ,,
MaungFootball,IndosiarID ,,
MaungFootball,IndosiarSports ,,
Ukon_Nugraha,Bolalob ,,
RMahmudah06,bonekcasuals ,,
RMahmudah06,persib ,,
anugroho1977,persib ,,
ivooxid,ThaiFootballs ,,
Rendi_Pratamax,ThaiFootballs ,,
RMahmudah06,VikingUinJkt ,,
RMahmudah06,VikingUinJkt ,,
Santoso_Saja1,AzzahrahSyifa_ ,,
Santoso_Saja1,persib ,,
OyondDiavolo,AzzahrahSyifa_ ,,
echo_redcurva,ekowBoy ,,
mentariaprilli1,ekowBoy ,,
abdulrasyid61,persib ,,
pemeranlakon,persib ,,
adityawp__,ThaiFootballs ,,
Damar98cempor,tribunjabar ,,
RMahmudah06,ThaiFootballs ,,
airfan_air,Gilang_Mahesa ,,
airfan_air,persib ,,
yudaHP33_,IndosiarID ,,
yudaHP33_,IndosiarSports ,,
cikyber,Bolalob ,,
gakbrenti,bonekcasuals ,,
gakbrenti,persib ,,
cikyber,persib ,,
jakmania_lombok,ThaiFootballs ,,
acha_sopiyan,ThaiFootballs ,,
TiPersib,VikingUinJkt ,,
ferliangga1928,VikingUinJkt ,,
AmsoriPedet,AzzahrahSyifa_ ,,
AmsoriPedet,persib ,,
mentariaprilli1,AzzahrahSyifa_ ,,
JustSipirilli,ekowBoy ,,
ekacioda46,ekowBoy ,,
ferliangga1928,persib ,,
creensley,persib ,,
mentariaprilli1,ThaiFootballs ,,
CilebutDani,tribunjabar ,,
ferliangga1928,ThaiFootballs ,,
ziberrcom,Gilang_Mahesa ,,
ziberrcom,persib ,,
raflyalmsyah,IndosiarID ,,
raflyalmsyah,IndosiarSports ,,
SFS_303,Bolalob ,,
mentariaprilli1,bonekcasuals ,,
mentariaprilli1,persib ,,
niemaunggeuliz,persib ,,
Ekosaputra1Doni,ThaiFootballs ,,
beritabandung1,ThaiFootballs ,,
BeweckPratama,VikingUinJkt ,,
ADevasandi,VikingUinJkt ,,
dulhafizh,AzzahrahSyifa_ ,,
dulhafizh,persib ,,
oddingcheper,AzzahrahSyifa_ ,,
oddingcheper,ekowBoy ,,
iambudii,ekowBoy ,,
Jejen120986,persib ,,
diomalik,persib ,,
oddingcheper,ThaiFootballs ,,
gladi_ad,tribunjabar ,,
spirit_1945,ThaiFootballs ,,
MJamal33,Gilang_Mahesa ,,
MJamal33,persib ,,
19Muhamad,IndosiarID ,,
19Muhamad,IndosiarSports ,,
RHtobi3,Bolalob ,,
spirit_1945,bonekcasuals ,,
spirit_1945,persib ,,
Ronizukipurnama,persib ,,
andri000me_2,ThaiFootballs ,,
ApriNort33,ThaiFootballs ,,
Iduy_ivanka,VikingUinJkt ,,
ApriNort33,VikingUinJkt ,,
ridwanabqori,AzzahrahSyifa_ ,,
ridwanabqori,persib ,,
HidayatAkus,AzzahrahSyifa_ ,,
indosportdotcom,ekowBoy ,,
FCBilham_Jersey,ekowBoy ,,
Alfarez_10,persib ,,
nadya_art23,persib ,,
IzanEzy,ThaiFootballs ,,
gerytoday,tribunjabar ,,
MorientesBudian,ThaiFootballs ,,
Naimvcu,Gilang_Mahesa ,,
Naimvcu,persib ,,
FOS_PERSIJA,IndosiarID ,,
FOS_PERSIJA,IndosiarSports ,,
Naimvcu,Bolalob ,,
Naimvcu,bonekcasuals ,,
Naimvcu,persib ,,
Naimvcu,persib ,,
akmal_ilham,ThaiFootballs ,,
achzam_prabu,ThaiFootballs ,,
gerytoday,VikingUinJkt ,,
Bobotoh695,VikingUinJkt ,,
Vianlux,AzzahrahSyifa_ ,,
Vianlux,persib ,,
fauzantulus,AzzahrahSyifa_ ,,
angrumfr,ekowBoy ,,
Naimvcu,ekowBoy ,,
Naimvcu,persib ,,
panjisubk,persib ,,
Bayu_maung,ThaiFootballs ,,
edwarsuharyadi,tribunjabar ,,
reginaldrasmus,ThaiFootballs ,,
reginaldrasmus,Gilang_Mahesa ,,
reginaldrasmus,persib ,,
ahmadlunadri,IndosiarID ,,
ahmadlunadri,IndosiarSports ,,
reginaldrasmus,Bolalob ,,
1933_mb,bonekcasuals ,,
1933_mb,persib ,,
hooliganbdg,persib ,,
kiw612,ThaiFootballs ,,
Kim28___,ThaiFootballs ,,
RickieUchiha,VikingUinJkt ,,
MaungFootball,VikingUinJkt ,,
Pantau_Com,AzzahrahSyifa_ ,,
Pantau_Com,persib ,,
JasierGoerbada,AzzahrahSyifa_ ,,
yanabool,ekowBoy ,,
gabrieladipr,ekowBoy ,,
dikar013,persib ,,
rochmatsubagja,persib ,,
ifsaneffendi,ThaiFootballs ,,
herawan_boma,tribunjabar ,,
YUDSUS,ThaiFootballs ,,
catitgoper,Gilang_Mahesa ,,
catitgoper,persib ,,
evhawolupithu,IndosiarID ,,
evhawolupithu,IndosiarSports ,,
sikkbageur,Bolalob ,,
reginaldrasmus,bonekcasuals ,,
reginaldrasmus,persib ,,
Amcs_teguh,persib ,,
KurniawanRicho,ThaiFootballs ,,
Beduuuurrr,ThaiFootballs ,,
abahnabudak,VikingUinJkt ,,
ysetiyono2,VikingUinJkt ,,
TiPersib,AzzahrahSyifa_ ,,
TiPersib,persib ,,
KurniawanRicho,AzzahrahSyifa_ ,,
Achyas_mauladi,ekowBoy ,,
atepmedjaya,ekowBoy ,,
pecinta_PERS1B,persib ,,
pecinta_PERS1B,persib ,,
akhi_syah,ThaiFootballs ,,
tossfmbandaaceh,tribunjabar ,,
Angga__Kun,ThaiFootballs ,,
rifkiardn,Gilang_Mahesa ,,
rifkiardn,persib ,,
atepmedjaya,IndosiarID ,,
atepmedjaya,IndosiarSports ,,
Iqbalt08,Bolalob ,,
Harian_Papua,bonekcasuals ,,
Harian_Papua,persib ,,
DhiqBekool,persib ,,
DhiqBekool,ThaiFootballs ,,
mx_dople,ThaiFootballs ,,
bang_BGS,VikingUinJkt ,,
ibnujayaraya,VikingUinJkt ,,
morielariell,AzzahrahSyifa_ ,,
morielariell,persib ,,
PERSIPURA_,AzzahrahSyifa_ ,,
07nanas,ekowBoy ,,
Thymantha_4,ekowBoy ,,
syafr1l,persib ,,
irwaninsomnia,persib ,,
kang_maman76,ThaiFootballs ,,
kang_maman76,tribunjabar ,,
Agustin75252281,ThaiFootballs ,,
olahragatempo,Gilang_Mahesa ,,
olahragatempo,persib ,,
tempodotco,IndosiarID ,,
tempodotco,IndosiarSports ,,
temponewsroom,Bolalob ,,
YaziedOranje,bonekcasuals ,,
YaziedOranje,persib ,,
TheJakm24624549,persib ,,
BolaBanget,ThaiFootballs ,,
korantempo,ThaiFootballs ,,
netralnews,VikingUinJkt ,,
nenisup_,VikingUinJkt ,,
akhi_syah,AzzahrahSyifa_ ,,
akhi_syah,persib ,,
faisalfansclub,AzzahrahSyifa_ ,,
faisalfansclub,ekowBoy ,,
AgisResahSka,ekowBoy ,,
zm_eleven,persib ,,
tilulima,persib ,,
triyan06,ThaiFootballs ,,
Zenal_Mumin8,tribunjabar ,,
alfianpiyek,ThaiFootballs ,,
lutfi_koshi,Gilang_Mahesa ,,
lutfi_koshi,persib ,,
catitgoper,IndosiarID ,,
catitgoper,IndosiarSports ,,
catitgoper,Bolalob ,,
JOKT_,bonekcasuals ,,
JOKT_,persib ,,
persi85alawasna,persib ,,
andinnph_,ThaiFootballs ,,
Irfan19863022,ThaiFootballs ,,
ventull_corexx,VikingUinJkt ,,
tilulima,VikingUinJkt ,,
JOKT_,AzzahrahSyifa_ ,,
JOKT_,persib ,,
RacHmanda33,AzzahrahSyifa_ ,,
Uca66922498,ekowBoy ,,
septiantirta73,ekowBoy ,,
Rizkyheruuuu,persib ,,
thebryantbronx,persib ,,
AzzahrahSyifa_,ThaiFootballs ,,
yeviara,tribunjabar ,,
BobotohPersib_,ThaiFootballs ,,
Football5star,Gilang_Mahesa ,,
Football5star,persib ,,
ppitashinta,IndosiarID ,,
ppitashinta,IndosiarSports ,,
ChavyTansa,Bolalob ,,
BahriSaepian,bonekcasuals ,,
BahriSaepian,persib ,,
tilulima,persib ,,
tilulima,ThaiFootballs ,,
SuaraPalembang,ThaiFootballs ,,
ebes_ngalam,VikingUinJkt ,,
TiPersib,VikingUinJkt ,,
arisavin18,AzzahrahSyifa_ ,,
arisavin18,persib ,,
UnyildFebriana,AzzahrahSyifa_ ,,
UnyildFebriana,ekowBoy ,,
ApriNort33,ekowBoy ,,
AzzahrahSyifa_,persib ,,
BolaBanget,persib ,,
daeng_bendo,ThaiFootballs ,,
GHerdianhidayat,tribunjabar ,,
natnatiaa,ThaiFootballs ,,
amang_persib,Gilang_Mahesa ,,
amang_persib,persib ,,
Agung_Armanda,IndosiarID ,,
Agung_Armanda,IndosiarSports ,,
riscuris,Bolalob ,,
eru_gisel,bonekcasuals ,,
eru_gisel,persib ,,
eru_gisel,persib ,,
heldi_bogor,ThaiFootballs ,,
SisilHariyadi13,ThaiFootballs ,,
NewsToday_ID,VikingUinJkt ,,
FeryPitra1933,VikingUinJkt ,,
Rahmahssss,AzzahrahSyifa_ ,,
Rahmahssss,persib ,,
Rahmahssss,AzzahrahSyifa_ ,,
Rahmahssss,ekowBoy ,,
Rahmahssss,ekowBoy ,,
nadliwildan,persib ,,
RenggaEleven,persib ,,
BennyMocca,ThaiFootballs ,,
MaungFootball,tribunjabar ,,
terasid,ThaiFootballs ,,
anwarsanusi137,Gilang_Mahesa ,,
anwarsanusi137,persib ,,
Azho33,IndosiarID ,,
Azho33,IndosiarSports ,,
BolaBanget,Bolalob ,,
ramdaninoor,bonekcasuals ,,
ramdaninoor,persib ,,
EdwinGunawan33,persib ,,
Ah_madrid_wan,ThaiFootballs ,,
GHerdianhidayat,ThaiFootballs ,,
republikaonline,VikingUinJkt ,,
Izhall33,VikingUinJkt ,,
FaisalR_10,AzzahrahSyifa_ ,,
FaisalR_10,persib ,,
GrahaLingga,AzzahrahSyifa_ ,,
VIKING_JABER,ekowBoy ,,
Naminagi,ekowBoy ,,
Restums_,persib ,,
kurosaki_ff19,persib ,,
dampiero10,ThaiFootballs ,,
GHerdianhidayat,tribunjabar ,,
dampiero10,ThaiFootballs ,,
Naminagi,Gilang_Mahesa ,,
Naminagi,persib ,,
bomber_online,IndosiarID ,,
bomber_online,IndosiarSports ,,
shela_ariyan796,Bolalob ,,
SaprudinDeden09,bonekcasuals ,,
SaprudinDeden09,persib ,,
akaryadi610,persib ,,
DendiSuryadi11,ThaiFootballs ,,
AsseVitto,ThaiFootballs ,,
SeputarBdgTimur,VikingUinJkt ,,
MaungFootball,VikingUinJkt ,,
reynaldiwp,AzzahrahSyifa_ ,,
reynaldiwp,persib ,,
sanit_muhammad,AzzahrahSyifa_ ,,
noviandy14,ekowBoy ,,
noviandy14,ekowBoy ,,
ang_danim,persib ,,
TiPersib,persib ,,
IrvanRiizky,ThaiFootballs ,,
PersibOficiall,tribunjabar ,,
nurilakbari_,ThaiFootballs ,,
dwiki_np16,Gilang_Mahesa ,,
dwiki_np16,persib ,,
dwiki_np16,IndosiarID ,,
dwiki_np16,IndosiarSports ,,
hijigemaung,Bolalob ,,
SaifulAbi28,bonekcasuals ,,
SaifulAbi28,persib ,,
SalomeGoreng5Rb,persib ,,
DerilFaslah26,ThaiFootballs ,,
DCouzlate,ThaiFootballs ,,
AS_Pamungkas23,VikingUinJkt ,,
Adi_zailani,VikingUinJkt ,,
MaungFootball,AzzahrahSyifa_ ,,
MaungFootball,persib ,,
Telatedan,AzzahrahSyifa_ ,,
Buoyantecstatic,ekowBoy ,,
Granitfathurro3,ekowBoy ,,
TiPersib,persib ,,
Hendrateaaa,persib ,,
rafiadr_,ThaiFootballs ,,
adiralston,tribunjabar ,,
bowmmu,ThaiFootballs ,,
BolaBanget,Gilang_Mahesa ,,
BolaBanget,persib ,,
KinnoisMe,IndosiarID ,,
KinnoisMe,IndosiarSports ,,
alifsaktiaji,Bolalob ,,
MisbahNurputra,bonekcasuals ,,
MisbahNurputra,persib ,,
GHerdianhidayat,persib ,,
AwolJeh,ThaiFootballs ,,
satriarizkip,ThaiFootballs ,,
RioIrawan25,VikingUinJkt ,,
satriarizkip,VikingUinJkt ,,
newagestein,AzzahrahSyifa_ ,,
newagestein,persib ,,
satriarizkip,AzzahrahSyifa_ ,,
satriarizkip,ekowBoy ,,
satriarizkip,ekowBoy ,,
satriarizkip,persib ,,
satriarizkip,persib ,,
rizkimahardika,ThaiFootballs ,,
Huda_RN,tribunjabar ,,
AndiRahmanSF,ThaiFootballs ,,
wishalabaqy,Gilang_Mahesa ,,
wishalabaqy,persib ,,
apriyusa2,IndosiarID ,,
apriyusa2,IndosiarSports ,,
PemudaRifuh,Bolalob ,,
apriyusa2,bonekcasuals ,,
apriyusa2,persib ,,
arlansmile26,persib ,,
ariefkusnadii,ThaiFootballs ,,
Alief_Bomber,ThaiFootballs ,,
dimeiraaaa,VikingUinJkt ,,
ahmad_fathoni4,VikingUinJkt ,,
officialvpmk07,AzzahrahSyifa_ ,,
officialvpmk07,persib ,,
TiPersib,AzzahrahSyifa_ ,,
rasiman_aja,ekowBoy ,,
imnoe723_,ekowBoy ,,
9hifaris,persib ,,
marhaenis33,persib ,,
Agung_Armanda,ThaiFootballs ,,
Agung_Armanda,tribunjabar ,,
BOBOTOHxBANDUNG,ThaiFootballs ,,
BOBOTOHxBANDUNG,Gilang_Mahesa ,,
BOBOTOHxBANDUNG,persib ,,
BOBOTOHxBANDUNG,IndosiarID ,,
BOBOTOHxBANDUNG,IndosiarSports ,,
BellBYTL,Bolalob ,,
BOBOTOHxBANDUNG,bonekcasuals ,,
BOBOTOHxBANDUNG,persib ,,
BOBOTOHxBANDUNG,persib ,,
BOBOTOHxBANDUNG,ThaiFootballs ,,
Agung_Armanda,ThaiFootballs ,,
BOBOTOHxBANDUNG,VikingUinJkt ,,
Agung_Armanda,VikingUinJkt ,,
Agung_Armanda,AzzahrahSyifa_ ,,
Agung_Armanda,persib ,,
Banyolan_Subang,AzzahrahSyifa_ ,,
tapigagal,ekowBoy ,,
Vyann_,ekowBoy ,,
impunyoewono,persib ,,
JrBobotoh,persib ,,
abuy1933,ThaiFootballs ,,
Agung_Armanda,tribunjabar ,,
JrBobotoh,ThaiFootballs ,,
SeptArdiartha_,Gilang_Mahesa ,,
SeptArdiartha_,persib ,,
odangwow,IndosiarID ,,
odangwow,IndosiarSports ,,
jurnalis_selow,Bolalob ,,
MaungFootball,bonekcasuals ,,
MaungFootball,persib ,,
andiazpi,persib ,,
Barna_byo,ThaiFootballs ,,
WardiaAndie,ThaiFootballs ,,
jpnncom,VikingUinJkt ,,
SaveOurPersija,VikingUinJkt ,,
dindinsyahrudin,AzzahrahSyifa_ ,,
dindinsyahrudin,persib ,,
masdefry,AzzahrahSyifa_ ,,
SaveOurPersija,ekowBoy ,,
TiPersib,ekowBoy ,,
lutfifh07,persib ,,
Syahrialazmii,persib ,,
Priatama_7RS,ThaiFootballs ,,
aufanurul13,tribunjabar ,,
Priatama_7RS,ThaiFootballs ,,
abuy1933,Gilang_Mahesa ,,
abuy1933,persib ,,
AsepAsepsae86,IndosiarID ,,
AsepAsepsae86,IndosiarSports ,,
Priatama_7RS,Bolalob ,,
CallmeBejo,bonekcasuals ,,
CallmeBejo,persib ,,
Sekarwangi_82,persib ,,
AsepAsepsae86,ThaiFootballs ,,
EndangJaenudi19,ThaiFootballs ,,
dzikrimuhammady,VikingUinJkt ,,
abuy1933,VikingUinJkt ,,
Risma1933,AzzahrahSyifa_ ,,
Risma1933,persib ,,
shela_ariyan796,AzzahrahSyifa_ ,,
ladies_Wani,ekowBoy ,,
DekiFaisaL,ekowBoy ,,
taufiksatriyad2,persib ,,
AsepAsepsae86,persib ,,
avriansyah__,ThaiFootballs ,,
uan_16,tribunjabar ,,
AsepAsepsae86,ThaiFootballs ,,
_persibpersija,Gilang_Mahesa ,,
_persibpersija,persib ,,
hczky,IndosiarID ,,
hczky,IndosiarSports ,,
ladies_Wani,Bolalob ,,
BOBOTOHxBANDUNG,bonekcasuals ,,
BOBOTOHxBANDUNG,persib ,,
BOBOTOHxBANDUNG,persib ,,
AjirRcs,ThaiFootballs ,,
shoyajihadlass,ThaiFootballs ,,
aliazisakbar_,VikingUinJkt ,,
boberwinn,VikingUinJkt ,,
Aldi_Bachtiar27,AzzahrahSyifa_ ,,
Aldi_Bachtiar27,persib ,,
aliazisakbar_,AzzahrahSyifa_ ,,
ladies_Wani,ekowBoy ,,
mzyflh,ekowBoy ,,
adiralston,persib ,,
aliazisakbar_,persib ,,
AjirRcs,ThaiFootballs ,,
abangryan_,tribunjabar ,,
MaungFootball,ThaiFootballs ,,
Darwin45853708,Gilang_Mahesa ,,
Darwin45853708,persib ,,
ladies_Wani,IndosiarID ,,
ladies_Wani,IndosiarSports ,,
duha_1928,Bolalob ,,
tiara_prsb,bonekcasuals ,,
tiara_prsb,persib ,,
BaleendahBoys33,persib ,,
AOknum,ThaiFootballs ,,
fadli3393,ThaiFootballs ,,
easterncasuals,VikingUinJkt ,,
Vino_RvF,VikingUinJkt ,,
acengcb,AzzahrahSyifa_ ,,
acengcb,persib ,,
ladies_Wani,AzzahrahSyifa_ ,,
ferdy_ferry,ekowBoy ,,
rachmatsakhdan,ekowBoy ,,
DickeyAriftia_,persib ,,
AbdoelMadjid,persib ,,
InfoBDGKita,ThaiFootballs ,,
dinnyxdea33,tribunjabar ,,
gabrielkenang,ThaiFootballs ,,
a_narindra,Gilang_Mahesa ,,
a_narindra,persib ,,
ladies_Wani,IndosiarID ,,
ladies_Wani,IndosiarSports ,,
JKT_SMPTSN,Bolalob ,,
syauqirahman10,bonekcasuals ,,
syauqirahman10,persib ,,
Bukanetizen_,persib ,,
beritabandung1,ThaiFootballs ,,
beritabandung1,ThaiFootballs ,,
Iki2x,VikingUinJkt ,,
y2n709,VikingUinJkt ,,
Vsb_bekasi,AzzahrahSyifa_ ,,
Vsb_bekasi,persib ,,
sikohcu,AzzahrahSyifa_ ,,
AjirRcs,ekowBoy ,,
tiara_prsb,ekowBoy ,,
diee_kuswandy,persib ,,
SaveOurPersija,persib ,,
diee_kuswandy,ThaiFootballs ,,
HPratama97,tribunjabar ,,
SaveOurPersija,ThaiFootballs ,,
irwanBFL,Gilang_Mahesa ,,
irwanBFL,persib ,,
fabianfadhil06,IndosiarID ,,
fabianfadhil06,IndosiarSports ,,
ladies_Wani,Bolalob ,,
murny7,bonekcasuals ,,
murny7,persib ,,
ladies_Wani,persib ,,
Asep_astito,ThaiFootballs ,,
indrazitender,ThaiFootballs ,,
firmansyahbeut1,VikingUinJkt ,,
ladies_Wani,VikingUinJkt ,,
TonyPermana3,AzzahrahSyifa_ ,,
TonyPermana3,persib ,,
Dohenkk,AzzahrahSyifa_ ,,
BaleendahBoys33,ekowBoy ,,
ladies_Wani,ekowBoy ,,
bcmerch33,persib ,,
ariariariamet,persib ,,
Helmyname,ThaiFootballs ,,
ladies_Wani,tribunjabar ,,
afriyanto__,ThaiFootballs ,,
Gigih95s,Gilang_Mahesa ,,
Gigih95s,persib ,,
maungleungsir33,IndosiarID ,,
maungleungsir33,IndosiarSports ,,
Betz_alkatiri,Bolalob ,,
ladies_Wani,bonekcasuals ,,
ladies_Wani,persib ,,
WismaBeritaCom,persib ,,
ryusron90,ThaiFootballs ,,
ZahZahrahan,ThaiFootballs ,,
BOBOTOHxBANDUNG,VikingUinJkt ,,
BOBOTOHxBANDUNG,VikingUinJkt ,,
rianblue63,AzzahrahSyifa_ ,,
rianblue63,persib ,,
BOBOTOHxBANDUNG,AzzahrahSyifa_ ,,
septiananwar93,ekowBoy ,,
GolzJunior,ekowBoy ,,
Doenk666,persib ,,
Abiet3393,persib ,,
SimaSiliwangi33,ThaiFootballs ,,
AsepZak23105129,tribunjabar ,,
ab173323,ThaiFootballs ,,
Oglenkaphey1,Gilang_Mahesa ,,
Oglenkaphey1,persib ,,
MaungFootball,IndosiarID ,,
MaungFootball,IndosiarSports ,,
Oglenkaphey1,Bolalob ,,
KotaPalembangKu,bonekcasuals ,,
KotaPalembangKu,persib ,,
ganjaaar,persib ,,
Abiet3393,ThaiFootballs ,,
Luthfyfalsyah7,ThaiFootballs ,,
oguthaddict,VikingUinJkt ,,
maungleungsir33,VikingUinJkt ,,
ladies_Wani,AzzahrahSyifa_ ,,
ladies_Wani,persib ,,
afriyanto__,AzzahrahSyifa_ ,,
luthvieakhmad2,ekowBoy ,,
satyagin,ekowBoy ,,
Dputraaditya,persib ,,
YusufIskandar32,persib ,,
BandarZuher,ThaiFootballs ,,
ukis86,tribunjabar ,,
iwandisanguann,ThaiFootballs ,,
ulfiyana_shella,Gilang_Mahesa ,,
ulfiyana_shella,persib ,,
isiklepon,IndosiarID ,,
isiklepon,IndosiarSports ,,
siiyappp,Bolalob ,,
ladies_Wani,bonekcasuals ,,
ladies_Wani,persib ,,
Bobotohbaksum,persib ,,
EkaBudiH24,ThaiFootballs ,,
Agay49417141,ThaiFootballs ,,
senheroic,VikingUinJkt ,,
afriyanto__,VikingUinJkt ,,
drilesmana_,AzzahrahSyifa_ ,,
drilesmana_,persib ,,
ladies_Wani,AzzahrahSyifa_ ,,
zakycrot,ekowBoy ,,
SimaSiliwangi33,ekowBoy ,,
M_Ilyas22,persib ,,
Agay49417141,persib ,,
TiPersib,ThaiFootballs ,,
WidianIlham,tribunjabar ,,
AgumPratama_,ThaiFootballs ,,
hermansu_,Gilang_Mahesa ,,
hermansu_,persib ,,
ladies_Wani,IndosiarID ,,
ladies_Wani,IndosiarSports ,,
Ryanagung22,Bolalob ,,
harubirupersib,bonekcasuals ,,
harubirupersib,persib ,,
SimaSiliwangi33,persib ,,
okinawawa3,ThaiFootballs ,,
Rickythekichlik,ThaiFootballs ,,
lusilustiana_,VikingUinJkt ,,
farisluthf,VikingUinJkt ,,
SimaSiliwangi33,AzzahrahSyifa_ ,,
SimaSiliwangi33,persib ,,
iskandar_09sfr,AzzahrahSyifa_ ,,
afriyanto__,ekowBoy ,,
illarawendi,ekowBoy ,,
13ituindah,persib ,,
charvie_,persib ,,
candranrfjr,ThaiFootballs ,,
NendarRamdani26,tribunjabar ,,
yuniarayun,ThaiFootballs ,,
Ababan114,Gilang_Mahesa ,,
Ababan114,persib ,,
yuniarayun,IndosiarID ,,
yuniarayun,IndosiarSports ,,
IyusViking,Bolalob ,,
BomFree11,bonekcasuals ,,
BomFree11,persib ,,
BayuVirgiawan02,persib ,,
astriasumi,ThaiFootballs ,,
Kegsto,ThaiFootballs ,,
Milan_Vidd,VikingUinJkt ,,
alfiana3285,VikingUinJkt ,,
salman_2103,AzzahrahSyifa_ ,,
salman_2103,persib ,,
NitJeffrey,AzzahrahSyifa_ ,,
northernow,ekowBoy ,,
NISBAR23,ekowBoy ,,
dndsg_,persib ,,
maungleungsir33,persib ,,
VieLovins7,ThaiFootballs ,,
RobiSap58642166,tribunjabar ,,
Frau86015517,ThaiFootballs ,,
Arfngnwn,Gilang_Mahesa ,,
Arfngnwn,persib ,,
BullshirtStore,IndosiarID ,,
BullshirtStore,IndosiarSports ,,
alanseptyawan,Bolalob ,,
indra_comrades,bonekcasuals ,,
indra_comrades,persib ,,
33_gaganalgarni,persib ,,
persib,ThaiFootballs ,,
RobiSap58642166,ThaiFootballs ,,
garutfootball,VikingUinJkt ,,
riedwanmuhammad,VikingUinJkt ,,
suwardiardi,AzzahrahSyifa_ ,,
suwardiardi,persib ,,
jawapos,AzzahrahSyifa_ ,,
maungleungsir33,ekowBoy ,,
aliarbanmarzuki,ekowBoy ,,
charvie_,persib ,,
ladies_Wani,persib ,,
luthfimahdii,ThaiFootballs ,,
rekiperdana1,tribunjabar ,,
febriiansyah10,ThaiFootballs ,,
ateteadi,Gilang_Mahesa ,,
ateteadi,persib ,,
Gilangfzn,IndosiarID ,,
Gilangfzn,IndosiarSports ,,
Barisan1933,Bolalob ,,
Dhodo21,bonekcasuals ,,
Dhodo21,persib ,,
ladies_Wani,persib ,,
basqaraa,ThaiFootballs ,,
DindaDiinddaa,ThaiFootballs ,,
deltasufianti,VikingUinJkt ,,
VikingRangas,VikingUinJkt ,,
Dhodo21,AzzahrahSyifa_ ,,
Dhodo21,persib ,,
Viking_SMKN2Bdg,AzzahrahSyifa_ ,,
BJBB1933,ekowBoy ,,
aufanurul13,ekowBoy ,,
wepe20_,persib ,,
charvie_,persib ,,
luthfimahdii,ThaiFootballs ,,
charvie_,tribunjabar ,,
xxmulaigoyangxx,ThaiFootballs ,,
Duniamurakami,Gilang_Mahesa ,,
Duniamurakami,persib ,,
Barisan1933,IndosiarID ,,
Barisan1933,IndosiarSports ,,
RobiSap58642166,Bolalob ,,
Deanography_,bonekcasuals ,,
Deanography_,persib ,,
kimiwouw,persib ,,
mynameisizal,ThaiFootballs ,,
DediPersib1,ThaiFootballs ,,
charvie_,VikingUinJkt ,,
MaungFootball,VikingUinJkt ,,
Yuyus_yw,AzzahrahSyifa_ ,,
Yuyus_yw,persib ,,
dhedhot_ramdhan,AzzahrahSyifa_ ,,
HusenRamadhan23,ekowBoy ,,
kimiwouw,ekowBoy ,,
charvie_,persib ,,
olanadityaw,persib ,,
arisavin18,ThaiFootballs ,,
Viking3399,tribunjabar ,,
Sekarwangi_82,ThaiFootballs ,,
Agonggunawan19,Gilang_Mahesa ,,
Agonggunawan19,persib ,,
ekiwiratama,IndosiarID ,,
ekiwiratama,IndosiarSports ,,
Kewz_id,Bolalob ,,
shiomayotaiou,bonekcasuals ,,
shiomayotaiou,persib ,,
VJO2013,persib ,,
aliarbanmarzuki,ThaiFootballs ,,
buana_himbar,ThaiFootballs ,,
Kidal_11,VikingUinJkt ,,
realmtaufiq91,VikingUinJkt ,,
WildanON_,AzzahrahSyifa_ ,,
WildanON_,persib ,,
agung_herdian,AzzahrahSyifa_ ,,
kumpulanbandung,ekowBoy ,,
TiPersib,ekowBoy ,,
TOJANGEXO,persib ,,
dinata_83,persib ,,
wepe20_,ThaiFootballs ,,
aakbar_m,tribunjabar ,,
M_Ilyas22,ThaiFootballs ,,
BandungPrasetya,Gilang_Mahesa ,,
BandungPrasetya,persib ,,
GolzJunior,IndosiarID ,,
GolzJunior,IndosiarSports ,,
Viking3399,Bolalob ,,
ilhamyudhisurya,bonekcasuals ,,
ilhamyudhisurya,persib ,,
ewfucksa,persib ,,
alrafiibnu_HS,ThaiFootballs ,,
EghaNovala,ThaiFootballs ,,
BomFree11,VikingUinJkt ,,
Barisan1933,VikingUinJkt ,,
BOBOTOHxBANDUNG,AzzahrahSyifa_ ,,
BOBOTOHxBANDUNG,persib ,,
ziazakiri9,AzzahrahSyifa_ ,,
mx_dople,ekowBoy ,,
BOBOTOHxBANDUNG,ekowBoy ,,
mx_dople,persib ,,
innuuuuuuu,persib ,,
ziazakiri9,ThaiFootballs ,,
tonihermwn,tribunjabar ,,
sisatria_,ThaiFootballs ,,
anggarasmaull,Gilang_Mahesa ,,
anggarasmaull,persib ,,
peachieville,IndosiarID ,,
peachieville,IndosiarSports ,,
irfanmahendra_,Bolalob ,,
alibudi30,bonekcasuals ,,
alibudi30,persib ,,
marley_idam,persib ,,
gemilangibrahim,ThaiFootballs ,,
suryapermanade2,ThaiFootballs ,,
Iyusyusup7,VikingUinJkt ,,
BobotohID,VikingUinJkt ,,
JasaFotoLiburan,AzzahrahSyifa_ ,,
JasaFotoLiburan,persib ,,
33_gaganalgarni,AzzahrahSyifa_ ,,
anggasftwn,ekowBoy ,,
Iqmal_Santani,ekowBoy ,,
noval46_,persib ,,
Viking3399,persib ,,
robertpacker11,ThaiFootballs ,,
hnfhahmd,tribunjabar ,,
samuelchelsib,ThaiFootballs ,,
fadlyfajar_,Gilang_Mahesa ,,
fadlyfajar_,persib ,,
buana_himbar,IndosiarID ,,
buana_himbar,IndosiarSports ,,
Kidal_11,Bolalob ,,
maungleungsir33,bonekcasuals ,,
maungleungsir33,persib ,,
ZahZahrahan,persib ,,
Maulana_Yusuf27,ThaiFootballs ,,
maungleungsir33,ThaiFootballs ,,
SayidR13,VikingUinJkt ,,
ZahZahrahan,VikingUinJkt ,,
Iqmal_Santani,AzzahrahSyifa_ ,,
Iqmal_Santani,persib ,,
van56_87,AzzahrahSyifa_ ,,
Iqmal_Santani,ekowBoy ,,
Iqmal_Santani,ekowBoy ,,
AldziFR,persib ,,
Viking3399,persib ,,
CJenset,ThaiFootballs ,,
RidhoIl81645699,tribunjabar ,,
txxfn,ThaiFootballs ,,
BomFree11,Gilang_Mahesa ,,
BomFree11,persib ,,
BomFree11,IndosiarID ,,
BomFree11,IndosiarSports ,,
BomFree11,Bolalob ,,
Viking3399,bonekcasuals ,,
Viking3399,persib ,,
ewfucksa,persib ,,
nurrezapratama,ThaiFootballs ,,
SayidR13,ThaiFootballs ,,
33_gaganalgarni,VikingUinJkt ,,
luthvieakhmad2,VikingUinJkt ,,
wildanello,AzzahrahSyifa_ ,,
wildanello,persib ,,
piwh33,AzzahrahSyifa_ ,,
AzrilBani,ekowBoy ,,
piwh33,ekowBoy ,,
Rickyabet331,persib ,,
bukanpenonton_,persib ,,
raka_dhit,ThaiFootballs ,,
Chandra_Gumilar,tribunjabar ,,
akbarabayyyyy,ThaiFootballs ,,
Bobotohbaksum,Gilang_Mahesa ,,
Bobotohbaksum,persib ,,
lingga134,IndosiarID ,,
lingga134,IndosiarSports ,,
goyobod45,Bolalob ,,
msptri_,bonekcasuals ,,
msptri_,persib ,,
AGHA2309,persib ,,
muhfeeb,ThaiFootballs ,,
RepzoneMorowali,ThaiFootballs ,,
SebarCopas,VikingUinJkt ,,
ikky_beside,VikingUinJkt ,,
fansrakyat,AzzahrahSyifa_ ,,
fansrakyat,persib ,,
Ultrasunda1933,AzzahrahSyifa_ ,,
vioramss,ekowBoy ,,
agungakhirzaman,ekowBoy ,,
BakulKuota,persib ,,
SouthKlaten,persib ,,
SouthKlaten,ThaiFootballs ,,
DindnSaepudin15,tribunjabar ,,
irfannm21,ThaiFootballs ,,
gilangR33,Gilang_Mahesa ,,
gilangR33,persib ,,
BobotohID,IndosiarID ,,
BobotohID,IndosiarSports ,,
RMAl_Haq,Bolalob ,,
windakusumaning,bonekcasuals ,,
windakusumaning,persib ,,
robbyarsy,persib ,,
Risma1933,ThaiFootballs ,,
maulana_s13,ThaiFootballs ,,
BobotohID,VikingUinJkt ,,
Dayaaat295,VikingUinJkt ,,
RMAl_Haq,AzzahrahSyifa_ ,,
RMAl_Haq,persib ,,
BobotohID,AzzahrahSyifa_ ,,
piwh33,ekowBoy ,,
Haditokenoi,ekowBoy ,,
RMAl_Haq,persib ,,
ewfucksa,persib ,,
Barisan1933,ThaiFootballs ,,
resharizkyale,tribunjabar ,,
DeniNurhayadi,ThaiFootballs ,,
RMAl_Haq,Gilang_Mahesa ,,
RMAl_Haq,persib ,,
bcmerch33,IndosiarID ,,
bcmerch33,IndosiarSports ,,
MaungFootball,Bolalob ,,
Persibfans333,bonekcasuals ,,
Persibfans333,persib ,,
wildanello,persib ,,
RizaAlif13,ThaiFootballs ,,
Aldi_Bachtiar27,ThaiFootballs ,,
alibudi30,VikingUinJkt ,,
bangjawir77,VikingUinJkt ,,
alibudi30,AzzahrahSyifa_ ,,
alibudi30,persib ,,
ewfucksa,AzzahrahSyifa_ ,,
persi85alawasna,ekowBoy ,,
akuratco,ekowBoy ,,
VIKING_JABER,persib ,,
alvianhdyt,persib ,,
bagusprasetya__,ThaiFootballs ,,
andiansyah435,tribunjabar ,,
wearepersibfans,ThaiFootballs ,,
PersibDefender,Gilang_Mahesa ,,
PersibDefender,persib ,,
bandungaktual,IndosiarID ,,
bandungaktual,IndosiarSports ,,
Risma1933,Bolalob ,,
alvianhdyt,bonekcasuals ,,
alvianhdyt,persib ,,
TukangKomporin,persib ,,
vicious08_,ThaiFootballs ,,
Risma1933,ThaiFootballs ,,
RMAl_Haq,VikingUinJkt ,,
Mhadi58007156,VikingUinJkt ,,
BolaBanget,AzzahrahSyifa_ ,,
BolaBanget,persib ,,
MDickyRA_,AzzahrahSyifa_ ,,
Indra_810,ekowBoy ,,
SFS_303,ekowBoy ,,
triyan06,persib ,,
Bdg_foots,persib ,,
farhanmuqaffi,ThaiFootballs ,,
ArdelinoArip,tribunjabar ,,
Loyalapprl,ThaiFootballs ,,
SiharMHSitorus,Gilang_Mahesa ,,
SiharMHSitorus,persib ,,
Dioyohanda,IndosiarID ,,
Dioyohanda,IndosiarSports ,,
KConk1Dhere,Bolalob ,,
SekseehOnline,bonekcasuals ,,
SekseehOnline,persib ,,
dinarfebby96,persib ,,
Infonya_Mas,ThaiFootballs ,,
RimbaAkang,ThaiFootballs ,,
Mr_Gufron,VikingUinJkt ,,
vicious08_,VikingUinJkt ,,
albyanpratama,AzzahrahSyifa_ ,,
albyanpratama,persib ,,
yuniarayun,AzzahrahSyifa_ ,,
Ruddy_Lesmana,ekowBoy ,,
Syamsud41732201,ekowBoy ,,
nahraffarhan14,persib ,,
halloshendy,persib ,,
settingsalad,ThaiFootballs ,,
paridpurnama_,tribunjabar ,,
farisluthf,ThaiFootballs ,,
SaronSi,Gilang_Mahesa ,,
SaronSi,persib ,,
EgaKibar,IndosiarID ,,
EgaKibar,IndosiarSports ,,
Ajighoziin33,Bolalob ,,
RianggaWibawa,bonekcasuals ,,
RianggaWibawa,persib ,,
odangwow,persib ,,
Hristoriz_,ThaiFootballs ,,
syharilaaa,ThaiFootballs ,,
onbobotohonline,VikingUinJkt ,,
GK_Ciputat,VikingUinJkt ,,
NewsToday_ID,AzzahrahSyifa_ ,,
NewsToday_ID,persib ,,
AnangSinatra97,AzzahrahSyifa_ ,,
FerriHoerurizal,ekowBoy ,,
Ndrie_Cielers,ekowBoy ,,
Ndrie_Cielers,persib ,,
BolaBanget,persib ,,
mx_dople,ThaiFootballs ,,
rdheadeace,tribunjabar ,,
erianarh,ThaiFootballs ,,
bravoR22_,Gilang_Mahesa ,,
bravoR22_,persib ,,
cwp2190,IndosiarID ,,
cwp2190,IndosiarSports ,,
rdheadeace,Bolalob ,,
Muhammadhasbi86,bonekcasuals ,,
Muhammadhasbi86,persib ,,
fadilbn,persib ,,
oguthaddict,ThaiFootballs ,,
babaynugraha,ThaiFootballs ,,
iilhammaulanaa,VikingUinJkt ,,
rzk1989,VikingUinJkt ,,
HMuhamadDani1,AzzahrahSyifa_ ,,
HMuhamadDani1,persib ,,
fahrifaisaal,AzzahrahSyifa_ ,,
FNKN17_,ekowBoy ,,
rifqiranadi,ekowBoy ,,
ooncalvo_,persib ,,
dimas_hernandes,persib ,,
FadhillahNovian,ThaiFootballs ,,
NewsToday_ID,tribunjabar ,,
hsnazhri,ThaiFootballs ,,
republikaonline,Gilang_Mahesa ,,
republikaonline,persib ,,
aminsuy,IndosiarID ,,
aminsuy,IndosiarSports ,,
BazengV,Bolalob ,,
Src_zulfi,bonekcasuals ,,
Src_zulfi,persib ,,
dimas_hernandes,persib ,,
arsyadfadh,ThaiFootballs ,,
cobolo22,ThaiFootballs ,,
BolaBanget,VikingUinJkt ,,
UnyildFebriana,VikingUinJkt ,,
akbariyus,AzzahrahSyifa_ ,,
akbariyus,persib ,,
rakputtt,AzzahrahSyifa_ ,,
BuaranBersatu,ekowBoy ,,
BuaranBersatu,ekowBoy ,,
ardianfajarp,persib ,,
NawalJooooo,persib ,,
winphere,ThaiFootballs ,,
anggimprasetia,tribunjabar ,,
abuy1933,ThaiFootballs ,,
gstprdt,Gilang_Mahesa ,,
gstprdt,persib ,,
deniiellnino,IndosiarID ,,
deniiellnino,IndosiarSports ,,
mud1933,Bolalob ,,
tataaa13,bonekcasuals ,,
tataaa13,persib ,,
Brigade_Orange,persib ,,
Aldhiz33,ThaiFootballs ,,
Kidal_11,ThaiFootballs ,,
Idup_Baltim,VikingUinJkt ,,
fay_ranggalawe,VikingUinJkt ,,
Src_zulfi,AzzahrahSyifa_ ,,
Src_zulfi,persib ,,
Andidestian1,AzzahrahSyifa_ ,,
regarakhman,ekowBoy ,,
LuthfiHalawani_,ekowBoy ,,
DityaMJR,persib ,,
Aldi_Bachtiar27,persib ,,
HorasSumutNews6,ThaiFootballs ,,
Miqbaal22_,tribunjabar ,,
RendyZugala,ThaiFootballs ,,
SOE_RI,Gilang_Mahesa ,,
SOE_RI,persib ,,
cendol_sri,IndosiarID ,,
cendol_sri,IndosiarSports ,,
PutraOdon,Bolalob ,,
mdwiyoga,bonekcasuals ,,
mdwiyoga,persib ,,
persi85alawasna,persib ,,
rizkisaputra_15,ThaiFootballs ,,
PutraOdon,ThaiFootballs ,,
wachid__,VikingUinJkt ,,
PrasetyoDimas2,VikingUinJkt ,,
suaradotcom,AzzahrahSyifa_ ,,
suaradotcom,persib ,,
tikusgod43,AzzahrahSyifa_ ,,
chenginsom33,ekowBoy ,,
_Moehammad_,ekowBoy ,,
prtmandka14,persib ,,
tribunkaltim,persib ,,
AgusSutaA,ThaiFootballs ,,
RikiMulyadi20,tribunjabar ,,
Nrdnfsl_,ThaiFootballs ,,
syahrulakbars_,Gilang_Mahesa ,,
syahrulakbars_,persib ,,
BazengV,IndosiarID ,,
BazengV,IndosiarSports ,,
muhazir33,Bolalob ,,
Zenal_Mumin8,bonekcasuals ,,
Zenal_Mumin8,persib ,,
GstnPraja,persib ,,
khairilfiqih,ThaiFootballs ,,
blogger_bandung,ThaiFootballs ,,
bagusdarma,VikingUinJkt ,,
ihsanilarsyadx,VikingUinJkt ,,
maulaQ,AzzahrahSyifa_ ,,
maulaQ,persib ,,
Fahrul65241628,AzzahrahSyifa_ ,,
NcengGalih_,ekowBoy ,,
Ufik_H7,ekowBoy ,,
m_iksan51,persib ,,
Antara_Jabar,persib ,,
iqbbalmuhammad,ThaiFootballs ,,
ChristianCand6,tribunjabar ,,
bagusdarma,ThaiFootballs ,,
BolaBanget,Gilang_Mahesa ,,
BolaBanget,persib ,,
Amin80751241,IndosiarID ,,
Amin80751241,IndosiarSports ,,
Rh_Kurniawan,Bolalob ,,
Riki43665418,bonekcasuals ,,
Riki43665418,persib ,,
lodraMM17,persib ,,
nomznomzzz,ThaiFootballs ,,
edos19_,ThaiFootballs ,,
KikiNF1928,VikingUinJkt ,,
bolagpsportcom,VikingUinJkt ,,
Viking_PPG,AzzahrahSyifa_ ,,
Viking_PPG,persib ,,
Budii33,AzzahrahSyifa_ ,,
newsportainment,ekowBoy ,,
_aditdoank,ekowBoy ,,
Jamesyoshino88,persib ,,
ACStyles30,persib ,,
19x33,ThaiFootballs ,,
SouthKlaten,tribunjabar ,,
Ayie_broo,ThaiFootballs ,,
rudyan94,Gilang_Mahesa ,,
rudyan94,persib ,,
bangroy_sajo,IndosiarID ,,
bangroy_sajo,IndosiarSports ,,
KevinBois28,Bolalob ,,
FarhanhanRK,bonekcasuals ,,
FarhanhanRK,persib ,,
itkabanaidnam,persib ,,
ajid38,ThaiFootballs ,,
bandungaktual,ThaiFootballs ,,
avriansyah__,VikingUinJkt ,,
blogger_bandung,VikingUinJkt ,,
republikaonline,AzzahrahSyifa_ ,,
republikaonline,persib ,,
zamilzn1,AzzahrahSyifa_ ,,
Rere_dfas,ekowBoy ,,
andy_nomicin,ekowBoy ,,
xl_russ,persib ,,
RaihanAbidin,persib ,,
ikbalisme,ThaiFootballs ,,
A_Badag23,tribunjabar ,,
irwaninsomnia,ThaiFootballs ,,
Hend_1933,Gilang_Mahesa ,,
Hend_1933,persib ,,
Indra_draaww,IndosiarID ,,
Indra_draaww,IndosiarSports ,,
Rambo_Wardhana,Bolalob ,,
Simone7ackson,bonekcasuals ,,
Simone7ackson,persib ,,
IIMoon_wt,persib ,,
MZulfikar_,ThaiFootballs ,,
dwiki_np16,ThaiFootballs ,,
StandingTerrace,VikingUinJkt ,,
RezaRizkiaKP,VikingUinJkt ,,
Kiatardiwiantoo,AzzahrahSyifa_ ,,
Kiatardiwiantoo,persib ,,
gemaktrie,AzzahrahSyifa_ ,,
aditya_agaasa,ekowBoy ,,
mdwiirvan,ekowBoy ,,
taufiq_mofu,persib ,,
dfredy33,persib ,,
arif_mitsubishi,ThaiFootballs ,,
RezaDR_,tribunjabar ,,
RVC_official,ThaiFootballs ,,
sidiqrism,Gilang_Mahesa ,,
sidiqrism,persib ,,
hasbi_abu_azzam,IndosiarID ,,
hasbi_abu_azzam,IndosiarSports ,,
AndroidTuner,Bolalob ,,
Rokip_ikip_iip,bonekcasuals ,,
Rokip_ikip_iip,persib ,,
asurwelah26,persib ,,
SuaraJabarID,ThaiFootballs ,,
DaniVnoQo,ThaiFootballs ,,
andryodank77,VikingUinJkt ,,
zahraquinsha,VikingUinJkt ,,
MaungFootball,AzzahrahSyifa_ ,,
MaungFootball,persib ,,
Fazri_Delyzar,AzzahrahSyifa_ ,,
MrYayanS_,ekowBoy ,,
orangbiasa16_,ekowBoy ,,
dediviker93,persib ,,
manggalaf,persib ,,
_Cheviking_,ThaiFootballs ,,
dediviker93,tribunjabar ,,
1GMAUNG,ThaiFootballs ,,
GrahaLingga,Gilang_Mahesa ,,
GrahaLingga,persib ,,
bolagpsportcom,IndosiarID ,,
bolagpsportcom,IndosiarSports ,,
indrategil29,Bolalob ,,
ahmadkamall04,bonekcasuals ,,
ahmadkamall04,persib ,,
pratamaferdy,persib ,,
RendySandia,ThaiFootballs ,,
LuthfiHalawani_,ThaiFootballs ,,
Gusnaabi1,VikingUinJkt ,,
pratamaferdy,VikingUinJkt ,,
ranggaraka651,AzzahrahSyifa_ ,,
ranggaraka651,persib ,,
heripurnawan2,AzzahrahSyifa_ ,,
KoRnHurry,ekowBoy ,,
iam_maulanaaaa,ekowBoy ,,
resput,persib ,,
ButikPersebaya,persib ,,
redaksi18,ThaiFootballs ,,
A_che_P,tribunjabar ,,
suryamalang,ThaiFootballs ,,
SesLuwing29,Gilang_Mahesa ,,
SesLuwing29,persib ,,
andri000me_2,IndosiarID ,,
andri000me_2,IndosiarSports ,,
AsepFm3,Bolalob ,,
tribunpekanbaru,bonekcasuals ,,
tribunpekanbaru,persib ,,
suryavideo,persib ,,
mhdirfaaan_s,ThaiFootballs ,,
TuitBatam,ThaiFootballs ,,
rhmthidayat92,VikingUinJkt ,,
A_che_P,VikingUinJkt ,,
AdenHidayat19,AzzahrahSyifa_ ,,
AdenHidayat19,persib ,,
DikaMahmud33,AzzahrahSyifa_ ,,
Riki43665418,ekowBoy ,,
triigaluh,ekowBoy ,,
28betIndonesia,persib ,,
Doenk666,persib ,,
AriieYoyoy,ThaiFootballs ,,
RamdanYudim,tribunjabar ,,
atahwarah,ThaiFootballs ,,
RiefckyHermawa1,Gilang_Mahesa ,,
RiefckyHermawa1,persib ,,
HorasSumutNews6,IndosiarID ,,
HorasSumutNews6,IndosiarSports ,,
Thiar_Kuddus,Bolalob ,,
efendi_hanafi,bonekcasuals ,,
efendi_hanafi,persib ,,
iounxhadiansyah,persib ,,
andri000me_14,ThaiFootballs ,,
V_Roffi,ThaiFootballs ,,
dediviker93,VikingUinJkt ,,
dinoaviano,VikingUinJkt ,,
rigwarld,AzzahrahSyifa_ ,,
rigwarld,persib ,,
hey_dikee,AzzahrahSyifa_ ,,
CallmeBejo,ekowBoy ,,
ladies_Wani,ekowBoy ,,
yusufnugraha02,persib ,,
syafrud97804954,persib ,,
SekseehOnline,ThaiFootballs ,,
Jazuli_AM,tribunjabar ,,
bunglonindon,ThaiFootballs ,,
tina_angel20,Gilang_Mahesa ,,
tina_angel20,persib ,,
Infonya_Mas,IndosiarID ,,
Infonya_Mas,IndosiarSports ,,
iounxhadiansyah,Bolalob ,,
dhani_thekop,bonekcasuals ,,
dhani_thekop,persib ,,
FOS_PERSIJA,persib ,,
V_Roffi,ThaiFootballs ,,
Dhe93_,ThaiFootballs ,,
VXXN1996,VikingUinJkt ,,
erzypratama,VikingUinJkt ,,
dhani_thekop,AzzahrahSyifa_ ,,
dhani_thekop,persib ,,
MBayu33,AzzahrahSyifa_ ,,
kamibiru,ekowBoy ,,
priatna_devi,ekowBoy ,,
Jazuli_AM,persib ,,
antaranews,persib ,,
Candraasmara85,ThaiFootballs ,,
KurniaSandi35,tribunjabar ,,
mahyudinyol,ThaiFootballs ,,
Niink_,Gilang_Mahesa ,,
Niink_,persib ,,
boti_30,IndosiarID ,,
boti_30,IndosiarSports ,,
Dhe93_,Bolalob ,,
andri000me_2,bonekcasuals ,,
andri000me_2,persib ,,
Dhe93_,persib ,,
Frau86015517,ThaiFootballs ,,
agunglaksnoo,ThaiFootballs ,,
posbekasi,VikingUinJkt ,,
posbekasi,VikingUinJkt ,,
Dio_Pratama12,AzzahrahSyifa_ ,,
Dio_Pratama12,persib ,,
suaradotcom,AzzahrahSyifa_ ,,
Dhe93_,ekowBoy ,,
LiaMarl09581166,ekowBoy ,,
matraman_oren,persib ,,
SilvaAw02,persib ,,
onbobotohonline,ThaiFootballs ,,
BolaBanget,tribunjabar ,,
RahmatsyahTel,ThaiFootballs ,,
VikingPlat_K,Gilang_Mahesa ,,
VikingPlat_K,persib ,,
ExtraReds,IndosiarID ,,
ExtraReds,IndosiarSports ,,
Nizar_Rama182,Bolalob ,,
FoldMaulana30,bonekcasuals ,,
FoldMaulana30,persib ,,
Farie_lEl,persib ,,
dfredy33,ThaiFootballs ,,
dedeyudi21nury1,ThaiFootballs ,,
ekadalabang,VikingUinJkt ,,
UkiHardline,VikingUinJkt ,,
Ewonk1933,AzzahrahSyifa_ ,,
Ewonk1933,persib ,,
MRizki_Aditia,AzzahrahSyifa_ ,,
indosportdotcom,ekowBoy ,,
indosportdotcom,ekowBoy ,,
santosajunior,persib ,,
hczky,persib ,,
SAKBAO,ThaiFootballs ,,
Dio_Pratama12,tribunjabar ,,
IlhamShidik27,ThaiFootballs ,,
robertsmith_33,Gilang_Mahesa ,,
robertsmith_33,persib ,,
Dhe93_,IndosiarID ,,
Dhe93_,IndosiarSports ,,
andri000me_14,Bolalob ,,
IlhamShidik27,bonekcasuals ,,
IlhamShidik27,persib ,,
Dio_Pratama12,persib ,,
Eliaresa,ThaiFootballs ,,
BolaBanget,ThaiFootballs ,,
VikingPlat_K,VikingUinJkt ,,
eday20P,VikingUinJkt ,,
akarilan,AzzahrahSyifa_ ,,
akarilan,persib ,,
dean_BFC30,AzzahrahSyifa_ ,,
dhani_thekop,ekowBoy ,,
Aryamnd,ekowBoy ,,
ijal_28,persib ,,
akangudjie,persib ,,
dji_sam_soe_24,ThaiFootballs ,,
np_aditya,tribunjabar ,,
starsinderom,ThaiFootballs ,,
abdulrhmn07,Gilang_Mahesa ,,
abdulrhmn07,persib ,,
Jey_soarez,IndosiarID ,,
Jey_soarez,IndosiarSports ,,
rdsamin,Bolalob ,,
iman_prass,bonekcasuals ,,
iman_prass,persib ,,
Naimvcu,persib ,,
ussa_patriex,ThaiFootballs ,,
CaverUkie,ThaiFootballs ,,
SyahrulAM13,VikingUinJkt ,,
antaranews,VikingUinJkt ,,
almndfrds,AzzahrahSyifa_ ,,
almndfrds,persib ,,
RizkiNu59293475,AzzahrahSyifa_ ,,
ikhsanalir12,ekowBoy ,,
ApriBodoo,ekowBoy ,,
ArdelinoArip,persib ,,
maildfrusciante,persib ,,
oglexx10,ThaiFootballs ,,
ibnwcksn,tribunjabar ,,
destriapnr,ThaiFootballs ,,
Zidanrajinsolat,Gilang_Mahesa ,,
Zidanrajinsolat,persib ,,
CilebutDani,IndosiarID ,,
CilebutDani,IndosiarSports ,,
destriapnr,Bolalob ,,
TyanBestyana,bonekcasuals ,,
TyanBestyana,persib ,,
62721crew,persib ,,
Sejatibintang,ThaiFootballs ,,
hanipdayando,ThaiFootballs ,,
Andri_Arga,VikingUinJkt ,,
rahmanfadillahg,VikingUinJkt ,,
atahwarah,AzzahrahSyifa_ ,,
atahwarah,persib ,,
MaungFootball,AzzahrahSyifa_ ,,
nanda1268989305,ekowBoy ,,
tiaa1928,ekowBoy ,,
dwikasp,persib ,,
BaystieBoys,persib ,,
TiaAdisari,ThaiFootballs ,,
MNawawi16898222,tribunjabar ,,
Febrianto002,ThaiFootballs ,,
AleshaHayfa,Gilang_Mahesa ,,
AleshaHayfa,persib ,,
r_waluya,IndosiarID ,,
r_waluya,IndosiarSports ,,
Zaydghania,Bolalob ,,
fanshop_soccer,bonekcasuals ,,
fanshop_soccer,persib ,,
SayidR13,persib ,,
abdulrhmn07,ThaiFootballs ,,
jipradhita,ThaiFootballs ,,
mu_carlo,VikingUinJkt ,,
zaffiraaa,VikingUinJkt ,,
Suhendraaa92,AzzahrahSyifa_ ,,
Suhendraaa92,persib ,,
ArdelinoArip,AzzahrahSyifa_ ,,
GoTotheJek,ekowBoy ,,
fokusjabar,ekowBoy ,,
GK_Ciputat,persib ,,
galamedianews,persib ,,
TukangKomporin,ThaiFootballs ,,
VikingBSI,tribunjabar ,,
FoldMaulana30,ThaiFootballs ,,
tuanmaliqq,Gilang_Mahesa ,,
tuanmaliqq,persib ,,
toto_anzik,IndosiarID ,,
toto_anzik,IndosiarSports ,,
TukangKomporin,Bolalob ,,
Itinkhipp16,bonekcasuals ,,
Itinkhipp16,persib ,,
AiqonFarih,persib ,,
Bang_OOK,ThaiFootballs ,,
M_Abdurrahmaan,ThaiFootballs ,,
masdefry,VikingUinJkt ,,
CilebutDani,VikingUinJkt ,,
Mailando_As,AzzahrahSyifa_ ,,
Mailando_As,persib ,,
portalSURYA,AzzahrahSyifa_ ,,
CNNIndonesia,ekowBoy ,,
mzaidand,ekowBoy ,,
CilebutDani,persib ,,
suryamalang,persib ,,
Apriant33,ThaiFootballs ,,
hermanmuchtar,tribunjabar ,,
BarientosYanu,ThaiFootballs ,,
IlhamShidik27,Gilang_Mahesa ,,
IlhamShidik27,persib ,,
Aam_95Fernando,IndosiarID ,,
Aam_95Fernando,IndosiarSports ,,
nusakininews,Bolalob ,,
Reofilia,bonekcasuals ,,
Reofilia,persib ,,
adtydaffa,persib ,,
hermanmuchtar,ThaiFootballs ,,
FoldMaulana30,ThaiFootballs ,,
toto_anzik,VikingUinJkt ,,
iman_prass,VikingUinJkt ,,
hermanmuchtar,AzzahrahSyifa_ ,,
hermanmuchtar,persib ,,
ihnalfmuh,AzzahrahSyifa_ ,,
AlfaridziWijdan,ekowBoy ,,
asjs__,ekowBoy ,,
didi_hamzah,persib ,,
Setyads11,persib ,,
redoadityaspra,ThaiFootballs ,,
Abankgera999,tribunjabar ,,
_AwayDay,ThaiFootballs ,,
amang_persib,Gilang_Mahesa ,,
amang_persib,persib ,,
FoldMaulana30,IndosiarID ,,
FoldMaulana30,IndosiarSports ,,
FoldMaulana30,Bolalob ,,
aldi_jbl,bonekcasuals ,,
aldi_jbl,persib ,,
vickyrifai19,persib ,,
fokusjabar,ThaiFootballs ,,
fauzanmrabbani,ThaiFootballs ,,
RiefckyHermawa1,VikingUinJkt ,,
FOS_PERSIJA,VikingUinJkt ,,
BayuChandra008,AzzahrahSyifa_ ,,
BayuChandra008,persib ,,
daninugraha22,AzzahrahSyifa_ ,,
adartauper1933,ekowBoy ,,
adartauper1933,ekowBoy ,,
Shicibukai5,persib ,,
Aqmalehsan,persib ,,
Lamz_48,ThaiFootballs ,,
NuKasepTheaa,tribunjabar ,,
nurilakbari_,ThaiFootballs ,,
andri_gunawan33,Gilang_Mahesa ,,
andri_gunawan33,persib ,,
mumuthesickman,IndosiarID ,,
mumuthesickman,IndosiarSports ,,
Naimvcu,Bolalob ,,
tya_mara,bonekcasuals ,,
tya_mara,persib ,,
sirnajati19,persib ,,
EdwinGunawan33,ThaiFootballs ,,
GilangGumilarDS,ThaiFootballs ,,
maungcyber,ddherih ,,
BambangParijoto,namaku_kate ,,
BambangParijoto,"persib
PERSiB ",,
maunglucu,ThaiFootballs ,,
bandung911,ThaiFootballs ,,
GukgukJantan31,persib ,,
cristiaji_pp,ThaiFootballs ,,
SihungMaung_,persib ,,
ArdiansyahYanu5,IlhamShidik27 ,,
azwar_iphunk,MafiaWasit ,,
Fahmigumiyay,MafiaWasit ,,
BBTHLayarKaca,JuaraMaung ,,
FoldMaulana30,glennsugita ,,
FoldMaulana30,persib ,,
Aldi05101239,MafiaWasit ,,
Naimvcu,v_frontline_pc ,,
Naimvcu,ordersofheavens ,,
Sejatibintang,thinkerbeller ,,
Sejatibintang,PRFMnews ,,
anggasetia23,persib ,,
Asep_urg,D_Shiryu13 ,,
bukancowokurus,AsliTiBandung_ ,,
bukancowokurus,badboysbdg_ ,,
bukancowokurus,persib ,,
suyuslima,namaku_kate ,,
suyuslima,"persib
PERSiB ",,
EkoRomdhani,v_frontline_pc ,,
EkoRomdhani,ordersofheavens ,,
rasyidiaulia,BolaSportcom ,,
Suhendraaa92,_AwayDay ,,
Iqwal162,ThaiFootballs ,,
ansori_azwar,ThaiFootballs ,,
rofii53142016,ThaiFootballs ,,
Irvan_N24,ThaiFootballs ,,
batamland,ThaiFootballs ,,
sastrasiloka,ThaiFootballs ,,
Ikhsannn99,persib ,,
Rezawr8,persib ,,
FoldMaulana30,ddherih ,,
SamsulH347,ThaiFootballs ,,
tuanmaliqq,ThaiFootballs ,,
dimasalampe,v_frontline_pc ,,
dimasalampe,ordersofheavens ,,
Rizkyfuadaly,persib ,,
Naimvcu,LambeyNyengir ,,
ajinusantaraaa,persib ,,
BobotohJamika,ThaiFootballs ,,
MarkViper24,MafiaWasit ,,
J_Aryoko,footballinanews ,,
Naimvcu,srisetiyo21 ,,
Naimvcu,adimahasaa ,,
Naimvcu,Persija_Jkt ,,
hendraIG,namaku_kate ,,
hendraIG,"persib
PERSiB ",,
BolaBanget,ThaiFootballs ,,
Cok_Panjaitan,ddherih ,,
syetcn,bolacomID ,,
srisetiyo21,ddherih ,,
choianwar11,Persib_Addict ,,
purwo82092883,BolaSportcom ,,
PikiDandara_24,adimahasaa ,,
PikiDandara_24,Persija_Jkt ,,
alberthin_lucas,thinkerbeller ,,
alberthin_lucas,PRFMnews ,,
MZakyKuzuka,MafiaWasit ,,
AbdulAjid01,ddherih ,,
Cen_kumis,_AwayDay ,,
PersijaFans_12,MafiaWasit ,,
fahmilubab,PRFMnews ,,
i_fadh,ThaiFootballs ,,
Muhamadbayusatr,man2aja ,,
RiosFtrhmn,lihatjendela ,,
RiosFtrhmn,SANPutih ,,
RiosFtrhmn,bastiaands ,,
MZakyKuzuka,ThaiFootballs ,,
fajaronline,ThaiFootballs ,,
_Anyun12,jak_srengseng ,,
_Anyun12,PSSI ,,
_Anyun12,APPI_info ,,
Indra99a,BolaBanget ,,
Indra99a,infobdg ,,
orangseneng_,PRFMnews ,,
nugrahaadii3,labbola ,,
nugrahaadii3,"persib, ",,
RockyGaring,persib ,,
gibranbagaskara,_AwayDay ,,
Leo_sanny,MafiaWasit ,,
Winsontrotz1,ThaiFootballs ,,
RobiSap58642166,ddherih ,,
vandanc,BobotohID ,,
vandanc,teddy_tjahjono ,,
Muhamadbayusatr,MafiaWasit ,,
HamdanHere,ddherih ,,
FerriHoerurizal,ThaiFootballs ,,
egiiipr,ThaiFootballs ,,
WahyuFals19,BolaBanget ,,
LutfiHa86961662,JuaraMaung ,,
VArisista,BolaSportcom ,,
desyasyfaf,persib ,,
WahyuFals19,_AwayDay ,,
Djati_Sunda09,bonekcasuals ,,
RadityaDamari10,_AwayDay ,,
Persibfans33,MafiaWasit ,,
KindinHaq33,bolacomID ,,
ajm_dro,bolacomID ,,
Jasmine900510,_AwayDay ,,
MamaYuuker0,BolaSportcom ,,
GkbBonek,footballinanews ,,
GkbBonek,persib ,,
ebisaaja,persib ,,
WisnuSubarkah4,persib ,,
VikingPlat_K,MafiaWasit ,,
WisnuSubarkah4,bonekcasuals ,,
juanramadhan4,ThaiFootballs ,,
sirartesa,LalajoPersib ,,
Richanspeed,ThaiFootballs ,,
AGITOKS,namaku_kate ,,
AGITOKS,"persib
PERSiB ",,
AbeyIndra,ThaiFootballs ,,
Diponiarto,thinkerbeller ,,
Diponiarto,PRFMnews ,,
faizinXfaizin,ThaiFootballs ,,
rickyahmad09,hooliganbdg ,,
rickyahmad09,persib ,,
rickyahmad09,voicebobotoh ,,
WisnuSubarkah4,ThaiFootballs ,,
DebiPermadi,omgitsmungki ,,
Dheny188_,ThaiFootballs ,,
fikri_mt17,ThaiFootballs ,,
habibhibatulla1,ThaiFootballs ,,
akbarrizkyp,ThaiFootballs ,,
JuaraMaung,_AwayDay ,,
evunkhadi,MafiaWasit ,,
Sulthanptra,DadakanCrew28 ,,
ArdelinoArip,ThaiFootballs ,,
MRezaforbid,ThaiFootballs ,,
astriasumi,persib ,,
Hello_Opik,vidiodotcom ,,
SAN19281,persib ,,
Ichsan15,footballinanews ,,
DenzZoku,dhany_oleet ,,
DenzZoku,persib ,,
rapparoys,persib ,,
cahyaaldi1,SaveOurPersija ,,
Harie_Blues33,ThaiFootballs ,,
ToniTonies,tribunkidulprsb ,,
DenzZoku,persib ,,
si_bohin,simamaung ,,
maularsss,ThaiFootballs ,,
bobotohswiss,ThaiFootballs ,,
desyasyfaf,maung_tempur ,,
homonimm,footballinanews ,,
RDN_12,KickNRushmerch ,,
RDN_12,persib ,,
RDN_12,PersipuraOnline ,,
gading33,vidiodotcom ,,
jun_rival,man2aja ,,
RiefckyHermawa1,ThaiFootballs ,,
Barisan1933,man2aja ,,
Barisan1933,ThaiFootballs ,,
bolacomID,namaku_kate ,,
bolacomID,im_bobs) ,,
pearlsib,man2aja ,,
sigitfalstkj,ThaiFootballs ,,
arifsetyonugro7,namaku_kate ,,
arifsetyonugro7,"persib
PERSiB ",,
SAN19281,labbola ,,
SAN19281,"persib, ",,
Naimvcu,ThaiFootballs ,,
BangorBangor12,MafiaWasit ,,
Naimvcu,man2aja ,,
muhammad13irfan,_AwayDay ,,
penikmatTarkam,Bali_Football ,,
zidnyxahmed,BolaSportcom ,,
ady_cahyadi,PRFMnews ,,
sayaIcul,bonekcasuals ,,
Naimvcu,BolaSportcom ,,
yusril_ihyaS,ThaiFootballs ,,
AnzarEka,BolaSportcom ,,
Naimvcu,ThaiFootballs ,,
DXThope,rivaldo_herera ,,
sandipj13,BolaSportcom ,,
DikiZakaria13,ThaiFootballs ,,
BolaBanget,BolaSportcom ,,
andiazpi,ThaiFootballs ,,
freyrevenged,ThaiFootballs ,,
InfoBDGKita,_AwayDay ,,
ArinzaHaiqal,persib ,,
borexbois,BolaSportcom ,,
Arieagustiana97,labbola ,,
hijriahwanD,ThaiFootballs ,,
RiefckyHermawa1,arjaw28 ,,
bobcretia,man2aja ,,
hwahyumuhammad,persib ,,
febriii28,footballinanews ,,
Wahyunugrh_,jak_srengseng ,,
Wahyunugrh_,PSSI ,,
Wahyunugrh_,APPI_info ,,
VIKING_SKI,footballinanews ,,
febriii28,PRFMnews ,,
dianwahyudin17,MafiaWasit ,,
DebiPermadi,ThaiFootballs ,,
Didingcrew,ThaiFootballs ,,
aokisme_,GOAL_ID ,,
aokisme_,goalthailand ,,
Gugun47854452,ThaiFootballs ,,
DickTombilz,BolaSportcom ,,
wellyshergy,indosportdotcom ,,
Djati_Sunda09,ThaiFootballs ,,
BolaBanget,jak_srengseng ,,
BolaBanget,PSSI ,,
BolaBanget,APPI_info ,,
FeryBastardo,namaku_kate ,,
FeryBastardo,"persib
PERSiB ",,
firhanwicaksana,ThaiFootballs ,,
Azho33,ThaiFootballs ,,
paskalisinaga,man2aja ,,
indra2805,AsliTiBandung_ ,,
footballinanews,GOAL_ID ,,
footballinanews,goalthailand ,,
suryamalang,persib ,,
suryamalang,BobotohID ,,
gkazekage4,persib ,,
anggriawan_asa,ThaiFootballs ,,
ipink_sick,adimahasaa ,,
ipink_sick,Persija_Jkt ,,
33_gaganalgarni,ThaiFootballs ,,
KurniawanRicho,indosportdotcom ,,
RisatNartin,ThaiFootballs ,,
afandi14_,BolaBanget ,,
vespa_nu_temmy,persib ,,
Azho33,ThaiFootballs ,,
andrirahmat77,ThaiFootballs ,,
DalapanEmpat,MafiaWasit ,,
JakartaGlory,persib ,,
FarjulR,labbola ,,
FarjulR,"persib, ",,
Azimaulana17,Football_ID ,,
astriasumi,ThaiFootballs ,,
sodoyaml,man2aja ,,
PascalSyuhada_,_AwayDay ,,
BayuSadam33,thinkerbeller ,,
vespa_nu_temmy,thinkerbeller ,,
vespa_nu_temmy,PRFMnews ,,
OkiCandra_S,labbola ,,
OkiCandra_S,"persib, ",,
RizkyMaulanaH,ThaiFootballs ,,
KhusniHidayat11,ThaiFootballs ,,
mustajib9,persib ,,
BomFree11,ThaiFootballs ,,
thinkerbeller,persib ,,
rivaldo_herera,jak_srengseng ,,
rivaldo_herera,PSSI ,,
rivaldo_herera,APPI_info ,,
BenediktusNugro,MafiaWasit ,,
NMFaizi,ThaiFootballs ,,
33_gaganalgarni,BolaSportcom ,,
33_gaganalgarni,PaspampersUmuh ,,
33_gaganalgarni,vikingcimahifc ,,
ginantaraegi,BolaBanget ,,
yuniarayun,persib ,,
yuniarayun,persib ,,
yuniarayun,persib ,,
SirSanndy,ThaiFootballs ,,
simbamaskot,persib ,,
mohsyahrowi,labbola ,,
mohsyahrowi,"persib, ",,
SyaifulMufti,BobotohID ,,
YanWar777,ThaiFootballs ,,
Luthfyfalsyah7,ThaiFootballs ,,
O_benk,indosportdotcom ,,
Abiet3393,KickNRushmerch ,,
heydestri,labbola ,,
heydestri,"persib, ",,
33_gaganalgarni,ThaiFootballs ,,
33_gaganalgarni,MafiaWasit ,,
nawfalizlhq,persib ,,
adityanura,ThaiFootballs ,,
Fjrazhry,LalajoPersib ,,
tribunpekanbaru,LalajoPersib ,,
rijalmusthafaa,ThaiFootballs ,,
Taufik29_,_AwayDay ,,
balax33,Feby_R ,,
Aldiansyhr2,ThaiFootballs ,,
ddherih,BobotohID ,,
DadakanCrew28,Persib_Addict ,,
mas_kubil,ThaiFootballs ,,
dianwijatanete,ThaiFootballs ,,
lihatjendela,jak_srengseng ,,
lihatjendela,PSSI ,,
lihatjendela,APPI_info ,,
MBayu33,goalthailand ,,
fikihfaozi,Liga1Match ,,
785Hadi,BolaBanget ,,
BolaSportcom,PersijaFans_12 ,,
BolaSportcom,SANPutih ,,
BolaSportcom,bastiaands ,,
hysteryan,namaku_kate ,,
hysteryan,im_bobs) ,,
AdhityaFachri,ThaiFootballs ,,
tribunSUPERBALL,MafiaWasit ,,
BayuSadam33,man2aja ,,
rCapucconio,republikaonline ,,
yuniarayun,Liga1Match ,,
irfan_arwadi,AsliTiBandung_ ,,
irfan_arwadi,badboysbdg_ ,,
irfan_arwadi,persib ,,
kaka_scutyhupy,persib ,,
justandhi,ThaiFootballs ,,
Standupwrongway,vikingcimahifc ,,
anisnikmatul,_AwayDay ,,
akhi_syah,BobotohID ,,
FaridRiyaldi,ThaiFootballs ,,
kpnugraha,MafiaWasit ,,
IyangJuse,MafiaWasit ,,
Ipanlennon,persib ,,
RMahmudah06,aliazisakbar_ ,,
RMahmudah06,BobotohID ,,
RMahmudah06,jamril_nursehan ,,
RMahmudah06,MafiaWasit ,,
AdiNugrooz,maulana_s13 ,,
AdiNugrooz,BobotohID ,,
AdiNugrooz,Firman_15_Utina ,,
vespa_nu_temmy,ThaiFootballs ,,
dhany_oleet,BobotohID ,,
luckyhendriawan,persib ,,
BobotohID,Jakhendry ,,
BobotohID,AdiNugrooz ,,
Otjan1933,namaku_kate ,,
Otjan1933,"persib
PERSiB ",,
luckyhendriawan,persib ,,
rikayunita,AsliTiBandung_ ,,
rikayunita,badboysbdg_ ,,
rikayunita,persib ,,
_realtroy,ThaiFootballs ,,
RMahmudah06,ThaiFootballs ,,
wisnuarnavath,simamaung ,,
abintangpratama,tribunkidulprsb ,,
MBayu33,MafiaWasit ,,
vespa_nu_temmy,persib ,,
33_gaganalgarni,haekaladzani ,,
eddyXhunter,PSSI ,,
eddyXhunter,APPI_info ,,
eddyXhunter,persib ,,
BobotohCadas,MafiaWasit ,,
onbobotohonline,LalajoPersib ,,
nurman_soleh,BobotohID ,,
kaka_scutyhupy,_AwayDay ,,
Angga__Kun,persib ,,
CLesmana21,tongtongbiru ,,
CLesmana21,KimKurniawan ,,
CLesmana21,persib ,,
Dimunz_Zohard,man2aja ,,
ramdhanf12,ThaiFootballs ,,
vespa_nu_temmy,ThaiFootballs ,,
vespa_nu_temmy,persib ,,
arienzo_28,AsliTiBandung_ ,,
arienzo_28,badboysbdg_ ,,
arienzo_28,persib ,,
Nalaktak90,aiziz_m ,,
HuntuCepot,persib ,,
iam_anoe,simamaung ,,
icecyboo,ThaiFootballs ,,
aminsaputra33,labbola ,,
aminsaputra33,"persib, ",,
ryandizulfikar,persib ,,
AmrRamadhani,ThaiFootballs ,,
kaka_scutyhupy,ThaiFootballs ,,
ajrial_fahri,ThaiFootballs ,,
Ibrar_1933,ThaiFootballs ,,
alfialvi,adimahasaa ,,
alfialvi,Persija_Jkt ,,
Tommy94646767,ThaiFootballs ,,
33_gaganalgarni,MafiaWasit ,,
amang_persib,persib ,,
HTribangun,labbola ,,
HTribangun,"persib, ",,
_McHamzah,persib ,,
Feby_R,MafiaWasit ,,
ambarcitra,JuaraMaung ,,
halohaikal,ThaiFootballs ,,
dhara_syy,labbola ,,
dhara_syy,"persib, ",,
Forzanuyyy,AldiNugrahaha ,,
Forzanuyyy,Persib_Addict ,,
GiidTheKidd,ThaiFootballs ,,
Feby_R,ThaiFootballs ,,
siijun71,persib ,,
eldelweisss,ThaiFootballs ,,
Persib_Addict,aliazisakbar_ ,,
Persib_Addict,BobotohID ,,
Persib_Addict,jamril_nursehan ,,
jeppelins,persib ,,
iyanrustandii,ThaiFootballs ,,
roziqi_,persib ,,
rahman0403,AldiNugrahaha ,,
rahman0403,Persib_Addict ,,
MuharamSabar,ThaiFootballs ,,
rezarinaldip,ThaiFootballs ,,
Nalaktak90,_AwayDay ,,
vespa_nu_temmy,_AwayDay ,,
NasionalBicara,GOAL_ID ,,
NasionalBicara,goalthailand ,,
sondoll_09,persib ,,
jeppelins,ThaiFootballs ,,
Fahmi_Ktj,PersibDefender ,,
Fahmi_Ktj,officialvpc ,,
Fahmi_Ktj,v_frontline_pc ,,
resharizkyale,Maya32285588 ,,
resharizkyale,republikaonline ,,
ekorahman,persib ,,
IlmanMoch,persib ,,
aiziz_m,MafiaWasit ,,
Frahmatg94,GOAL_ID ,,
AjiRizky_,ThaiFootballs ,,
amang_persib,persib ,,
mijnshf,bonekcasuals ,,
MuktianaGalih,bobotohawayday ,,
AdiNugrooz,ThaiFootballs ,,
AsliTiBandung_,ThaiFootballs ,,
BenediktusNugro,ThaiFootballs ,,
amang_persib,persib ,,
FNKN17_,desyasyfaf ,,
amang_persib,persib ,,
PersijaFans_12,persib ,,
AldiNugrahaha,PRFMnews ,,
robertsmith_33,labbola ,,
isammaulana,Bobotohbaksum ,,
RifkyWisnu21,SANPutih ,,
KindinHaq33,Persib_Addict ,,
Abiet3393,ThaiFootballs ,,
portalSURYA,MafiaWasit ,,
ajisetiajie,ThaiFootballs ,,
homonimm,ThaiFootballs ,,
DodoSyuhada,thinkerbeller ,,
DodoSyuhada,PRFMnews ,,
suryamalang,chonburi_fc ,,
suryamalang,ThaiFootballs ,,
suryamalang,persib ,,
phoenixpies,vikingpersib_93 ,,
pasukantribun,persib ,,
justforvann_,persib ,,
g_Njarr,BolaBanget ,,
Huzn_23,persib ,,
NugrahaRicky_,MafiaWasit ,,
Nurrarvian,ThaiFootballs ,,
benjoisme,ThaiFootballs ,,
vespa_nu_temmy,persib ,,
AriefIslahudin7,persib ,,
ifin25,man2aja ,,
Al_nugraha,habiburrohman_ ,,
Al_nugraha,officialvpc ,,
Al_nugraha,BobotohID ,,
vespa_nu_temmy,ThaiFootballs ,,
muhnurhadi19_,namaku_kate ,,
muhnurhadi19_,"persib
PERSiB ",,
ndarvkill1,haekaladzani ,,
mhaddidh6,ThaiFootballs ,,
perutgendut2,persib ,,
DIK2_,allabout_psm ,,
danintoe,MafiaWasit ,,
AdyM2192,kevinarab69 ,,
tilulima,persib ,,
FHapip,ThaiFootballs ,,
Ryuzaky46,adimahasaa ,,
ndlalzdx,ThaiFootballs ,,
heri_yanto05,namaku_kate ,,
abuqaireen_,BolaBanget ,,
mcalfarizi,persib ,,
sandra_agoes,_AwayDay ,,
YanWar777,MafiaWasit ,,
Bolalob,persib ,,
MaungFootball,ThaiFootballs ,,
Aldi_Bachtiar27,MafiaWasit ,,
Muhamadapriza19,ThaiFootballs ,,
BobotohCadas,persib ,,
Kabar_Persib,persib ,,
Maoelanammi,ThaiFootballs ,,
AriefSyabakdan,GOAL_ID ,,
AriefSyabakdan,goalthailand ,,
FatoniSlem,MafiaWasit ,,
gani_nurjaman,persib ,,
desyasyfaf,persib ,,
Jaksumedang,Bali_Football ,,
Agung_Armanda,MafiaWasit ,,
toto_anzik,ThaiFootballs ,,
jamril_nursehan,_AwayDay ,,
RipitRianto3,brandyup2 ,,
RipitRianto3,Kabar_Persib ,,
BDGsosmed,Apip_Barbar ,,
ajisetiajie,aliazisakbar_ ,,
ajisetiajie,BobotohID ,,
ajisetiajie,jamril_nursehan ,,
vespa_nu_temmy,persib ,,
muammargh,ThaiFootballs ,,
vespa_nu_temmy,ThaiFootballs ,,
VieLovins7,simamaung ,,
MegaRisnawatiG,namaku_kate ,,
MegaRisnawatiG,"persib
PERSiB ",,
BomFree11,ThaiFootballs ,,
BomFree11,teddy_tjahjono ,,
BomFree11,persib ,,
DaniVnoQo,persib ,,
MegaRisnawatiG,AsliTiBandung_ ,,
MegaRisnawatiG,badboysbdg_ ,,
MegaRisnawatiG,persib ,,
furqonhakim_,labbola ,,
furqonhakim_,"persib, ",,
giaontweet,ThaiFootballs ,,
fjrrmdhna,persib ,,
Adhii_putraa,MafiaWasit ,,
RobiGusman2,thinkerbeller ,,
RobiGusman2,PRFMnews ,,
Raden_Safta,labbola ,,
Raden_Safta,"persib, ",,
TonginSinaga1,mbahenanang ,,
TonginSinaga1,Gugun47854452 ,,
TonginSinaga1,fahriir87 ,,
MRezaforbid,MafiaWasit ,,
redul18,persib ,,
a_peye23,Kabogohsaha_ ,,
a_peye23,PSSI ,,
mhmmdramdhan,MafiaWasit ,,
RobiGusman2,MafiaWasit ,,
BolaBanget,ThaiFootballs ,,
Aldi_Bachtiar27,MafiaWasit ,,
nenisup_,bonekcasuals ,,
mas_vesparyanto,persib ,,
bilanNR,LalajoPersib ,,
_McHamzah,persib ,,
vespa_nu_temmy,MafiaWasit ,,
andryfalse,adhanRamdan ,,
muhamadikh_bal,AsliTiBandung_ ,,
muhamadikh_bal,badboysbdg_ ,,
muhamadikh_bal,persib ,,
nenisup_,voicebobotoh ,,
skrrrahh,persib ,,
Andreilham_,ThaiFootballs ,,
expose_riau,LalajoPersib ,,
Ariefnado10,ThaiFootballs ,,
persib,FarmasiBoys ,,
Saddamalfano,TukangKomporin ,,
kadeudeuhmanah,ThaiFootballs ,,
anandkarga,MafiaWasit ,,
rohino_,ThaiFootballs ,,
maungleungsir33,JuaraMaung ,,
Ramel25,ThaiFootballs ,,
Abiet3393,MafiaWasit ,,
GilangAlKautsar,MafiaWasit ,,
fridhonaufal,BobotohID ,,
HusenRamadhan23,ThaiFootballs ,,
TiPersib,ThaiFootballs ,,
BdgLautanApi,MafiaWasit ,,
jamalrjr3,ThaiFootballs ,,
ahcmadriskiy7,ThaiFootballs ,,
Almazchl,jayapuraupdate ,,
Almazchl,tongtongbiru ,,
Almazchl,KimKurniawan ,,
Almazchl,persib ,,
vickysardi,GOAL_ID ,,
vickysardi,goalthailand ,,
elsunandar,glennsugita ,,
elsunandar,persib ,,
JuaraMaung,LalajoPersib ,,
_rszzz_,LalajoPersib ,,
HusenRamadhan23,MafiaWasit ,,
jhon_deemaz,ThaiFootballs ,,
Irwaaaan17,ThaiFootballs ,,
JakangelBekasi,thinkerbeller ,,
JakangelBekasi,PRFMnews ,,
Sandiis44203861,MafiaWasit ,,
FNorthjak,erirendy5 ,,
FNorthjak,habiburrohman_ ,,
FNorthjak,officialvpc ,,
eldelweisss,ThaiFootballs ,,
lawanego,_AwayDay ,,
BeforeAfper,LalajoPersib ,,
fajarikha,ThaiFootballs ,,
gemabaduy,persib ,,
Aldi_Bachtiar27,ThaiFootballs ,,
dedymuis01,GOAL_ID ,,
BomFree11,persib ,,
tepherma1,ThaiFootballs ,,
jamaludin933,voicebobotoh ,,
rakahnff,deidrapalepi ,,
ladies_Wani,ThaiFootballs ,,
vespa_nu_temmy,thinkerbeller ,,
vespa_nu_temmy,PRFMnews ,,
odelondell,labbola ,,
odelondell,"persib, ",,
_McHamzah,ThaiFootballs ,,
TriYuliR,simamaung ,,
TriYuliR,persib ,,
tkurniawanw,pikiran_rakyat ,,
djo_vy,_AwayDay ,,
Bhontot33,persib ,,
Aldi_Bachtiar27,ThaiFootballs ,,
BobotohID,labbola ,,
BobotohID,"persib, ",,
galamedianews,VikingCicurug ,,
galamedianews,persib.. ,,
galamedianews,Liga1Match ,,
KickNRushmerch,BantenGutter ,,
KickNRushmerch,persib ,,
mifanZ_,labbola ,,
mifanZ_,"persib, ",,
aremania_prob,GalaPersib ,,
TheBonjopi,persib ,,
TheBonjopi,PersipuraOnline ,,
TheBonjopi,KickNRushmerch ,,
NganjukBoys,MafiaWasit ,,
zorklif12,BolaBanget ,,
prambudi_satria,MafiaWasit ,,
VikingCicurug,MafiaWasit ,,
asepamaliyun,PRFMnews ,,
Jakhendry,simamaung ,,
jamalrjr3,persib.. ,,
jamalrjr3,Liga1Match ,,
Feby_R,ThaiFootballs ,,
vespa_nu_temmy,ThaiFootballs ,,
farezzz_,AdiNugrooz ,,
anamsubhanallah,33_abah ,,
anamsubhanallah,persib ,,
anamsubhanallah,BobotohID ,,
abdlhmd30,badboysbdg_ ,,
FadilahZaqky,persib ,,
dyudhanugraha,ThaiFootballs ,,
indosportdotcom,MafiaWasit ,,
Naimvcu,ThaiFootballs ,,
dhara_syy,thinkerbeller ,,
dhara_syy,PRFMnews ,,
vespa_nu_temmy,ThaiFootballs ,,
riskurrrrr,LalajoPersib ,,
Made_Dav,namaku_kate ,,
Made_Dav,"persib
PERSiB ",,
Raden_Safta,labbola ,,
Raden_Safta,"persib, ",,
herutam,ThaiFootballs ,,
maungleungsir33,_AwayDay ,,
MafiaWasit,MafiaWasit ,,
kodeprohiyat,Ipanlennon ,,
kodeprohiyat,persib ,,
kodeprohiyat,BobotohID ,,
adhi_yy,ThaiFootballs ,,
AriieYoyoy,v_frontline_pc ,,
Irwansynyster2,persib ,,
maungleungsir33,MafiaWasit ,,
ELgratama,_AwayDay ,,
riq_penk,GOAL_ID ,,
wantepersija,ordersofheavens ,,
LubukLarangan,bobotoh_kngn ,,
SaefulRochmanZn,ThaiFootballs ,,
zaenalzam,ThaiFootballs ,,
irwaninsomnia,_AwayDay ,,
alansu19,namaku_kate ,,
opiekasep,ThaiFootballs ,,
noorarief17,AsliTiBandung_ ,,
yudhaapra,ThaiFootballs ,,
Agung_Armanda,ThaiFootballs ,,
maungleungsir33,MafiaWasit ,,
adprstya_,ThaiFootballs ,,
Arif_wiguna24,tribunSUPERBALL ,,
EkoomaungBDG,thinkerbeller ,,
EkoomaungBDG,PRFMnews ,,
thea_mulya,ThaiFootballs ,,
WildanON_,ThaiFootballs ,,
arefun18,ThaiFootballs ,,
astriasumi,voicebobotoh ,,
AryaHafizh3,persib ,,
Ibrar_1933,persib ,,
Agung_Armanda,labbola ,,
Agung_Armanda,persib ,,
SitiHalimah__,ThaiFootballs ,,
maungleungsir33,persib ,,
Agung_Armanda,namaku_kate ,,
Agung_Armanda,"persib
PERSiB ",,
bengeut_seseuh,namaku_kate ,,
bengeut_seseuh,im_bobs) ,,
aldi_jbl,AsliTiBandung_ ,,
aldi_jbl,badboysbdg_ ,,
aldi_jbl,persib ,,
aliarbanmarzuki,bobotoh_kngn ,,
NasionalBicara,Antara_Jabar ,,
NasionalBicara,BobotohID ,,
NasionalBicara,voicebobotoh ,,
erlandramd,ThaiFootballs ,,
milanistikii33,GOAL_ID ,,
rieltien33,ThaiFootballs ,,
Agung_Armanda,Maya32285588 ,,
Agung_Armanda,republikaonline ,,
NovrizalFauzi,ThaiFootballs ,,
fansjakgalau,ThaiFootballs ,,
muft_amarullah,ThaiFootballs ,,
abidinco,voicebobotoh ,,
asurwelah26,Fajar_ArgoWilis ,,
amang_persib,_AwayDay ,,
SaveOurPersija,bonekcasuals ,,
riq_penk,ThaiFootballs ,,
f_kameswara,febri_cenator ,,
f_kameswara,GOAL_ID ,,
LostBoys94,kconk_lombok ,,
Viand_Ganyonk,tongtongbiru ,,
Viand_Ganyonk,KimKurniawan ,,
Viand_Ganyonk,persib ,,
Ruddy_Lesmana,ThaiFootballs ,,
amang_persib,AsliTiBandung_ ,,
amang_persib,badboysbdg_ ,,
amang_persib,persib ,,
luveas87,ThaiFootballs ,,
thierryhenra,_AwayDay ,,
munhadi,Dinalselalubiru ,,
irgifvckjri,ThaiFootballs ,,
amang_persib,DoddyHadiyana ,,
amang_persib,Liga1Match ,,
amang_persib,thinkerbeller ,,
amang_persib,PRFMnews ,,
wanandyoso,ThaiFootballs ,,
EkoomaungBDG,ThaiFootballs ,,
Aindriawandotco,brandyup2 ,,
Aindriawandotco,Kabar_Persib ,,
xKRSMWN,KConk1Dhere ,,
mftaaaaaaaa,BolaSportcom ,,
novia_nurhayati,ThaiFootballs ,,
starsinderom,AsliTiBandung_ ,,
starsinderom,badboysbdg_ ,,
starsinderom,persib ,,
danz_gio,_AwayDay ,,
Ray_May_Cry,persib ,,
demong_arlanda,ThaiFootballs ,,
Risma1933,TukangKomporin ,,
mftaaaaaaaa,ThaiFootballs ,,
rukyeah,GOAL_ID ,,
avachitto,GOAL_ID ,,
indosportdotcom,TukangKomporin ,,
marzarw,persib ,,
danzzz_7,ThaiFootballs ,,
Prln_1933,ThaiFootballs ,,
Asep_urg,GOAL_ID ,,
kevinarab69,BolaBanget ,,
rickywisap94,MIBarokah ,,
varinmuchtar,AsliTiBandung_ ,,
varinmuchtar,badboysbdg_ ,,
varinmuchtar,persib ,,
Wanpersib2,deanypermana ,,
Ferry_Natapoera,Kabar_Persib ,,
bobotoh_kngn,namaku_kate ,,
bobotoh_kngn,"persib
PERSiB ",,
fzlrifky,GOAL_ID ,,
LASI____,namaku_kate ,,
LASI____,"persib
PERSiB ",,
AAndreasdonny,thinkerbeller ,,
AAndreasdonny,PRFMnews ,,
mulyana22_,ThaiFootballs ,,
muhamad_will,ThaiFootballs ,,
GOAL_ID,GOAL_ID ,,
LASI____,ThaiFootballs ,,
LASI____,ThaiFootballs ,,
ekoplox,vikingcimahifc ,,
Defender1933,labbola ,,
Defender1933,"persib, ",,
fitrakomara22,persib ,,
Astoy4,ThaiFootballs ,,
JakWonosariYK,haekaladzani ,,
LASI____,AsliTiBandung_ ,,
LASI____,badboysbdg_ ,,
LASI____,persib ,,
ganjarswanara13,ThaiFootballs ,,
abdlhmd30,persib ,,
abdlhmd30,Indomielovers ,,
atepmedjaya,BolaBanget ,,
_eganugraha,persib ,,
muhamad_will,ThaiFootballs ,,
bia_has,badboysbdg_ ,,
Setia_Permana_,persib ,,
iponksatria,indosportdotcom ,,
sirantai,ThaiFootballs ,,
iponksatria,ThaiFootballs ,,
koma_Online,ThaiFootballs ,,
Bociel96_,persib ,,
aliazisakbar_,PRFMnews ,,
Defender1933,namaku_kate ,,
Defender1933,"persib
PERSiB ",,
JakWonosariYK,_AwayDay ,,
imam_ergi,BobotohID ,,
indosportdotcom,ThaiFootballs ,,
fajarpure,namaku_kate ,,
fajarpure,"persib
PERSiB ",,
Zerhaf33,ThaiFootballs ,,
beritabandung1,persib ,,
maungleungsir33,ThaiFootballs ,,
AaSanghiang,ThaiFootballs ,,
ibelgembelxHCx,namaku_kate ,,
ibelgembelxHCx,"persib
PERSiB ",,
rachmanmmm,BantenGutter ,,
rachmanmmm,persib ,,
ahmad_Sr_,ThaiFootballs ,,
FebrianJs,_AwayDay ,,
salman_t4,thinkerbeller ,,
salman_t4,PRFMnews ,,
anggihmoch,ThaiFootballs ,,
linchim130,tongtongbiru ,,
linchim130,KimKurniawan ,,
linchim130,persib ,,
agustianyuri30,ThaiFootballs ,,
MerryAnjani19,ThaiFootballs ,,
Rendy_Enter,ThaiFootballs ,,
ekoplox,ThaiFootballs ,,
RMahmudah06,labbola ,,
RMahmudah06,"persib, ",,
RMahmudah06,persib ,,
rickywisap94,_AwayDay ,,
_eganugraha,TukangKomporin ,,
_eganugraha,persib ,,
aldobudi420,LalajoPersib ,,
Azhep_aris,LalajoPersib ,,
sandiarya_1977,namaku_kate ,,
sandiarya_1977,persib ,,
adityatrd,ThaiFootballs ,,
starsinderom,_AwayDay ,,
RMahmudah06,v_frontline_pc ,,
RMahmudah06,Ekomaung ,,
yuriesatria,persib ,,
AmmarRamadhanii,ThaiFootballs ,,
Irwansujana27,AsliTiBandung_ ,,
Irwansujana27,badboysbdg_ ,,
Irwansujana27,persib ,,
FajarAShidiq,ThaiFootballs ,,
TamirSyaban,Liga1Match ,,
Frau86015517,ThaiFootballs ,,
akunpePERSIBan,ThaiFootballs ,,
maungleungsir33,ThaiFootballs ,,
atepmedjaya,_AwayDay ,,
TukangKomporin,ThaiFootballs ,,
MR_gustara,ThaiFootballs ,,
TheBonjopi,TukangKomporin ,,
ajrial_fahri,BobotohID ,,
roniMputra,ThaiFootballs ,,
taufik_rf1,sayakemal ,,
taufik_rf1,Kabar_Persib ,,
Abekuns1,_AwayDay ,,
IrizkiFirdaus,"persib, ",,
MaungFootball,labbola ,,
MaungFootball,"persib, ",,
ucuf_ocins,labbola ,,
ucuf_ocins,"persib, ",,
atepmedjaya,ThaiFootballs ,,
sandiarya_1977,ThaiFootballs ,,
anggisana,ThaiFootballs ,,
Ibrar_1933,ThaiFootballs ,,
LambeyNyengir,persib ,,
LambeyNyengir,Indomielovers ,,
a_peye23,jawapos ,,
a_peye23,PSSI ,,
atepmedjaya,ThaiFootballs ,,
pais_hileud,persib ,,
IrvanP_,thinkerbeller ,,
IrvanP_,PRFMnews ,,
rafii_nabawi,GOAL_ID ,,
regarakhman,labbola ,,
regarakhman,"persib, ",,
atepmedjaya,indosportdotcom ,,
torasoeherman,AsliTiBandung_ ,,
torasoeherman,badboysbdg_ ,,
torasoeherman,persib ,,
mohamadrizwan16,persib ,,
NasionalBicara,ThaiFootballs ,,
hallo_yak,bonekcasuals ,,
udansoleh2,ThaiFootballs ,,
egawikaya_,ThaiFootballs ,,
Raafi_12,Maya32285588 ,,
Raafi_12,republikaonline ,,
jaka_metalhead,BolaBanget ,,
maungleungsir33,ThaiFootballs ,,
rifkiakbar13,kevinarab69 ,,
rifkiakbar13,Kabar_Persib ,,
ayunindellany,ThaiFootballs ,,
LimRockbomb,persib ,,
vikingITENAS,AsliTiBandung_ ,,
vikingITENAS,badboysbdg_ ,,
vikingITENAS,persib ,,
NikoPriatna,labbola ,,
NikoPriatna,"persib, ",,
TyanBestyana,thinkerbeller ,,
TyanBestyana,PRFMnews ,,
3MasPrat,ThaiFootballs ,,
OdonOdi,Kabar_Persib ,,
Kabar_Persib,ThaiFootballs ,,
adzhiecz,labbola ,,
adzhiecz,"persib, ",,
Kabar_Persib,ThaiFootballs ,,
Kabar_Persib,ThaiFootballs ,,
TukangKomporin,Arsyadrizall ,,
Kabar_Persib,namaku_kate ,,
Kabar_Persib,"persib
PERSiB ",,
Agung_Sundara,sayakemal ,,
Agung_Sundara,Kabar_Persib ,,
hendikrakus,brandyup2 ,,
hendikrakus,Kabar_Persib ,,
TukangKomporin,TukangKomporin ,,
WardiaAndie,kevinarab69 ,,
WardiaAndie,Kabar_Persib ,,
marlianelnino,ThaiFootballs ,,
SetuBekasiSatu,thinkerbeller ,,
SetuBekasiSatu,PRFMnews ,,
k00path,TukangKomporin ,,
LimRockbomb,ThaiFootballs ,,
FrmnsyhRestu,MafiaWasit ,,
1999useless,_AwayDay ,,
ilham_maulagi,AsliTiBandung_ ,,
ilham_maulagi,badboysbdg_ ,,
ilham_maulagi,persib ,,
IKrisnova,ThaiFootballs ,,
Lukikilana,ThaiFootballs ,,
Ibrar_1933,ThaiFootballs ,,
Iwe_923,ThaiFootballs ,,
ghesa33,ThaiFootballs ,,
iqbalriandi,MafiaWasit ,,
penongtonbola,labbola ,,
penongtonbola,"persib, ",,
fahriir87,simamaung ,,
mang__polos,BobotohCadas ,,
mang__polos,persib ,,
agustianyuri30,ThaiFootballs ,,
ArdelinoArip,ThaiFootballs ,,
Ibrar_1933,BolaBanget ,,
TukangKomporin,ThaiFootballs ,,
CenFM,ThaiFootballs ,,
Ibrar_1933,voicebobotoh ,,
maungleungsir33,LalajoPersib ,,
bolagpsportcom,LalajoPersib ,,
BolaBanget,badboysbdg_ ,,
maungleungsir33,teddy_tjahjono ,,
maungleungsir33,persib ,,
AgusSurnyana,ThaiFootballs ,,
Ramadhanmario,_AwayDay ,,
JakCTYM,persib ,,
AripinSatuTujuh,labbola ,,
AripinSatuTujuh,"persib, ",,
insunpredator,ThaiFootballs ,,
kangope,ThaiFootballs ,,
hermansu_,_AwayDay ,,
s9ft,ThaiFootballs ,,
VikingBali,bonekcasuals ,,
okidongkii,AsliTiBandung_ ,,
okidongkii,badboysbdg_ ,,
okidongkii,persib ,,
kopifans,bonekcasuals ,,
Oktober022,ThaiFootballs ,,
dilanuraa,ThaiFootballs ,,
gentaprasidyaa,ThaiFootballs ,,
Ibrar_1933,ThaiFootballs ,,
regiemfajar2,ThaiFootballs ,,
TantanFauzani,persib ,,
roezthandy,PRFMnews ,,
roezthandy,ThaiFootballs ,,
Praserius,ThaiFootballs ,,
Ardii29,ThaiFootballs ,,
fikriaultur,ThaiFootballs ,,
umar_woto,badboysbdg_ ,,
riscuris,Wahyu78P ,,
riscuris,panditfootball ,,
sanekalamerah,ThaiFootballs ,,
RinaldiFuari,ThaiFootballs ,,
UelahReza,namaku_kate ,,
UelahReza,im_bobs) ,,
ihbnroll,ThaiFootballs ,,
sbgdicky,AsliTiBandung_ ,,
sbgdicky,badboysbdg_ ,,
sbgdicky,persib ,,
xboripx,ThaiFootballs ,,
abizaryuwono,labbola ,,
abizaryuwono,"persib, ",,
pais_hileud,ThaiFootballs ,,
A_che_P,ThaiFootballs ,,
panjisubk,ThaiFootballs ,,
rindinoviansya1,badboysbdg_ ,,
Nazikhin,ThaiFootballs ,,
Furyhendartama,thinkerbeller ,,
Furyhendartama,PRFMnews ,,
aliazisakbar_,ThaiFootballs ,,
Iwe_923,ThaiFootballs ,,
budykusmandar,bonekcasuals ,,
rizasaputra,ThaiFootballs ,,
badboysbdg_,ThaiFootballs ,,
adhialves,ThaiFootballs ,,
dayatbaso87,deanypermana ,,
nashirfawzy,ThaiFootballs ,,
HilmanNug,AsliTiBandung_ ,,
HilmanNug,badboysbdg_ ,,
HilmanNug,persib ,,
kakepatduapuluh,ThaiFootballs ,,
14Maman,ThaiFootballs ,,
Riki43665418,_AwayDay ,,
di_kysapu,_AwayDay ,,
kevinarab69,tongtongbiru ,,
kevinarab69,KimKurniawan ,,
kevinarab69,persib ,,
maunggemstone,_AwayDay ,,
pangandaranism_,VikingBatam ,,
pangandaranism_,persib ,,
pangandaranism_,persipura63 ,,
Naimvcu,_AwayDay ,,
Rekirahwana,Kabar_Persib ,,
gentaprasidyaa,ThaiFootballs ,,
Naimvcu,ThaiFootballs ,,
AsepRN9,ThaiFootballs ,,
AndreiVaristian,ThaiFootballs ,,
AndreiVaristian,badboysbdg_ ,,
AndreiVaristian,persib,,
